#
# A fatal error has been detected by the Java Runtime Environment:
#
#  EXCEPTION_ACCESS_VIOLATION (0xc0000005) at pc=0x00007ffc8cf908f1, pid=4284, tid=2328
#
# JRE version: Java(TM) SE Runtime Environment (20.0.2+9) (build 20.0.2+9-78)
# Java VM: Java HotSpot(TM) 64-Bit Server VM (20.0.2+9-78, mixed mode, sharing, tiered, compressed oops, compressed class ptrs, g1 gc, windows-amd64)
# Problematic frame:
# V  [jvm.dll+0x1408f1]
#
# No core dump will be written. Minidumps are not enabled by default on client versions of Windows
#
# If you would like to submit a bug report, please visit:
#   https://bugreport.java.com/bugreport/crash.jsp
#

---------------  S U M M A R Y ------------

Command Line: -XX:MaxMetaspaceSize=512m --add-opens=java.base/java.util=ALL-UNNAMED --add-opens=java.base/java.lang=ALL-UNNAMED --add-opens=java.base/java.lang.invoke=ALL-UNNAMED --add-opens=java.prefs/java.util.prefs=ALL-UNNAMED --add-opens=java.base/java.nio.charset=ALL-UNNAMED --add-opens=java.base/java.net=ALL-UNNAMED --add-opens=java.base/java.util.concurrent.atomic=ALL-UNNAMED -Xmx2048m -Dfile.encoding=UTF-8 -Duser.country=IN -Duser.language=en -Duser.variant -javaagent:C:\Users\Dell\.gradle\wrapper\dists\gradle-8.3-all\6en3ugtfdg5xnpx44z4qbwgas\gradle-8.3\lib\agents\gradle-instrumentation-agent-8.3.jar org.gradle.launcher.daemon.bootstrap.GradleDaemon 8.3

Host: Intel(R) Core(TM) i7-7600U CPU @ 2.80GHz, 4 cores, 31G,  Windows 11 , 64 bit Build 22000 (10.0.22000.2538)
Time: Sat Jun  8 17:17:41 2024 India Standard Time elapsed time: 73.588274 seconds (0d 0h 1m 13s)

---------------  T H R E A D  ---------------

Current thread (0x000001d7ea3885d0):  WorkerThread "G1 Conc#0" [stack: 0x0000004ce7f00000,0x0000004ce8000000] [id=2328]

Stack: [0x0000004ce7f00000,0x0000004ce8000000],  sp=0x0000004ce7fff518,  free space=1021k
Native frames: (J=compiled Java code, j=interpreted, Vv=VM code, C=native code)
V  [jvm.dll+0x1408f1]


siginfo: EXCEPTION_ACCESS_VIOLATION (0xc0000005), reading address 0x0000000000000100


Registers:
RAX=0x0000000000000000, RBX=0x000001d7ea389a01, RCX=0x000001d78f000000, RDX=0x000000008f5a8b30
RSP=0x0000004ce7fff518, RBP=0x0000000000000000, RSI=0x000001d7ea376a60, RDI=0x000000008f5a8b30
R8 =0x000001d78f000000, R9 =0x0000000000000000, R10=0x000001d7ea32cdb0, R11=0x0000000000000003
R12=0x0000000000000000, R13=0xaaaaaaaaaaaaaaab, R14=0x0000000000000001, R15=0x0000004ce7fff6a0
RIP=0x00007ffc8cf908f1, EFLAGS=0x0000000000010246


Register to memory mapping:

RIP=0x00007ffc8cf908f1 jvm.dll
RAX=0x0 is NULL
RBX=0x000001d7ea389a01 points into unknown readable memory: 00 00 00 00 00 00 00
RCX=0x000001d78f000000 is pointing into metadata
RDX=0x000000008f5a8b30 is pointing into object: java.util.HashMap 
{0x000000008f5a8b28} - klass: 'java/util/HashMap'
 - ---- fields (total size 6 words):
 - transient 'keySet' 'Ljava/util/Set;' @12  NULL (0x00000000)
 - transient 'values' 'Ljava/util/Collection;' @16  NULL (0x00000000)
 - transient 'size' 'I' @20  1 (0x00000001)
 - transient 'modCount' 'I' @24  1 (0x00000001)
 - 'threshold' 'I' @28  12 (0x0000000c)
 - final 'loadFactor' 'F' @32  0.750000 (0x3f400000)
 - transient 'table' '[Ljava/util/HashMap$Node;' @36  a 'java/util/HashMap$Node'[16] {0x000000008f5a8b58} (0x8f5a8b58)
 - transient 'entrySet' 'Ljava/util/Set;' @40  NULL (0x00000000)
RSP=0x0000004ce7fff518 points into unknown readable memory: 0x00007ffc8d16cf0a | 0a cf 16 8d fc 7f 00 00
RBP=0x0 is NULL
RSI=0x000001d7ea376a60 points into unknown readable memory: 0x000001d7ea3874f0 | f0 74 38 ea d7 01 00 00
RDI=0x000000008f5a8b30 is pointing into object: java.util.HashMap 
{0x000000008f5a8b28} - klass: 'java/util/HashMap'
 - ---- fields (total size 6 words):
 - transient 'keySet' 'Ljava/util/Set;' @12  NULL (0x00000000)
 - transient 'values' 'Ljava/util/Collection;' @16  NULL (0x00000000)
 - transient 'size' 'I' @20  1 (0x00000001)
 - transient 'modCount' 'I' @24  1 (0x00000001)
 - 'threshold' 'I' @28  12 (0x0000000c)
 - final 'loadFactor' 'F' @32  0.750000 (0x3f400000)
 - transient 'table' '[Ljava/util/HashMap$Node;' @36  a 'java/util/HashMap$Node'[16] {0x000000008f5a8b58} (0x8f5a8b58)
 - transient 'entrySet' 'Ljava/util/Set;' @40  NULL (0x00000000)
R8 =0x000001d78f000000 is pointing into metadata
R9 =0x0 is NULL
R10=0x000001d7ea32cdb0 points into unknown readable memory: 0x00007ffc8d7cf3e8 | e8 f3 7c 8d fc 7f 00 00
R11=0x0000000000000003 is an unknown value
R12=0x0 is NULL
R13=0xaaaaaaaaaaaaaaab is an unknown value
R14=0x0000000000000001 is an unknown value
R15=0x0000004ce7fff6a0 points into unknown readable memory: 0x000001d7ea376a60 | 60 6a 37 ea d7 01 00 00


Top of Stack: (sp=0x0000004ce7fff518)
0x0000004ce7fff518:   00007ffc8d16cf0a 0000b8c0cd275b87
0x0000004ce7fff528:   0000004ce7fff6e0 000000008f5a8a30
0x0000004ce7fff538:   00007ffc8d16ccdf 000000008f5a8b30
0x0000004ce7fff548:   00007ffc8d16ccdf 000001d7ea389ac0
0x0000004ce7fff558:   0000004ce7fff6e0 000000008f5a8a44
0x0000004ce7fff568:   00007ffc8d16a60d 0000004ce7fff6e0
0x0000004ce7fff578:   00007ffc8d16ad5d 000000008f5a8a40
0x0000004ce7fff588:   00007ffc8d16ccdf 0000004ce7fff6a0
0x0000004ce7fff598:   0000000000000001 000001d78f001240
0x0000004ce7fff5a8:   00007ffc8d16a252 0000000000000003
0x0000004ce7fff5b8:   000000008f5a8a30 0000004ce7fff6e0
0x0000004ce7fff5c8:   0000000000000000 000001d7ea389ac0
0x0000004ce7fff5d8:   00007ffc8d188a80 000000008f5a8a30
0x0000004ce7fff5e8:   000001d7ea376a70 0000004ce7fff6a0
0x0000004ce7fff5f8:   000001d7ea376a70 000000008f5a8a30
0x0000004ce7fff608:   00007ffc8d185011 0000000001eb5146
0x0000004ce7fff618:   0000000000000000 0000000082459620
0x0000004ce7fff628:   00007ffc8d18658a 0000000001ec0000
0x0000004ce7fff638:   00007ffc8d186c9c 000000008f5a8a18
0x0000004ce7fff648:   0000000001eb5146 0000000000000001
0x0000004ce7fff658:   000001d7ea389ac0 000001d7ea3888b0
0x0000004ce7fff668:   0000000000000001 000001d7ea389ac0
0x0000004ce7fff678:   00007ffc8d1858e9 000001d7ea389b58
0x0000004ce7fff688:   0000000000000000 0000004ce7eff801
0x0000004ce7fff698:   0000000000000000 000001d7ea376a60
0x0000004ce7fff6a8:   000001d7ea389ac0 000000008f5a0e90
0x0000004ce7fff6b8:   000000000000be2e 000000008f5a0e90
0x0000004ce7fff6c8:   000000000000be2e 000000000004c4b4
0x0000004ce7fff6d8:   00000000021ad374 00007ffc8d7d0e18
0x0000004ce7fff6e8:   000001d7ea34ea80 0000004c00000003
0x0000004ce7fff6f8:   000001d7ea32cdb0 000001d7ea389ac0
0x0000004ce7fff708:   00007ffc8d4dcd73 c215b08487f1be77 

Instructions: (pc=0x00007ffc8cf908f1)
0x00007ffc8cf907f1:   08 8b 0d f0 37 a0 00 49 d3 e0 4c 03 05 de 37 a0
0x00007ffc8cf90801:   00 eb 04 4c 8b 41 08 45 8b 48 08 45 85 c9 7e 0e
0x00007ffc8cf90811:   41 f6 c1 01 75 53 41 c1 f9 03 49 63 c1 c3 79 49
0x00007ffc8cf90821:   84 c0 41 b8 0c 00 00 00 8b 05 69 49 a0 00 b9 10
0x00007ffc8cf90831:   00 00 00 41 0f 45 c8 ff c8 4c 63 c0 41 8b c1 48
0x00007ffc8cf90841:   c1 f8 10 0f b6 c0 48 63 14 11 41 8b c9 83 e1 3f
0x00007ffc8cf90851:   48 d3 e2 49 8d 0c 10 49 f7 d0 48 03 c1 49 c1 e8
0x00007ffc8cf90861:   03 48 c1 e8 03 49 23 c0 c3 49 8b 00 49 8b c8 48
0x00007ffc8cf90871:   ff a0 00 01 00 00 cc cc cc cc cc cc cc cc cc 4c
0x00007ffc8cf90881:   8b c2 48 8b d1 45 8b 48 08 45 85 c9 7e 0e 41 f6
0x00007ffc8cf90891:   c1 01 75 56 41 c1 f9 03 49 63 c1 c3 79 4c 80 3d
0x00007ffc8cf908a1:   c5 0f a7 00 00 b8 0c 00 00 00 b9 10 00 00 00 0f
0x00007ffc8cf908b1:   45 c8 8b 05 df 48 a0 00 ff c8 4c 63 c0 41 8b c1
0x00007ffc8cf908c1:   48 c1 f8 10 48 63 14 11 41 8b c9 83 e1 3f 0f b6
0x00007ffc8cf908d1:   c0 48 d3 e2 49 8d 0c 10 49 f7 d0 48 03 c1 49 c1
0x00007ffc8cf908e1:   e8 03 48 c1 e8 03 49 23 c0 c3 49 8b 00 49 8b c8
0x00007ffc8cf908f1:   48 ff a0 00 01 00 00 cc cc cc cc cc cc cc cc 40
0x00007ffc8cf90901:   53 48 83 ec 20 48 8b d9 49 8b c0 33 c9 45 0f b6
0x00007ffc8cf90911:   c1 48 89 0b 48 89 4b 08 48 8b cb 48 89 53 10 48
0x00007ffc8cf90921:   8b d0 e8 88 09 00 00 48 8b c3 48 83 c4 20 5b c3
0x00007ffc8cf90931:   cc cc cc cc cc cc cc cc cc cc cc cc cc cc cc 40
0x00007ffc8cf90941:   53 48 83 ec 20 33 c0 44 88 41 10 45 0f b6 c1 48
0x00007ffc8cf90951:   89 01 48 89 41 08 48 8b d9 e8 61 0a 00 00 48 8b
0x00007ffc8cf90961:   c3 48 83 c4 20 5b c3 cc cc cc cc cc cc cc cc 40
0x00007ffc8cf90971:   53 48 83 ec 20 33 c0 48 8b d9 48 89 01 48 89 41
0x00007ffc8cf90981:   08 e8 e9 0b 00 00 48 8b c3 48 83 c4 20 5b c3 4c
0x00007ffc8cf90991:   8b 01 4d 85 c0 74 39 48 8b 41 08 48 8d 14 c5 00
0x00007ffc8cf909a1:   00 00 00 48 3b 15 6d 53 a0 00 73 08 49 8b c8 e9
0x00007ffc8cf909b1:   fb c4 f7 ff 8b 05 dd 1d a1 00 ff c8 48 63 c8 48
0x00007ffc8cf909c1:   03 d1 48 f7 d1 48 23 d1 49 8b c8 e9 0f f6 56 00
0x00007ffc8cf909d1:   c3 cc cc cc cc cc cc cc cc cc cc cc cc cc cc 48
0x00007ffc8cf909e1:   83 ec 38 4c 8d 0c cd 00 00 00 00 4c 3b 0d 25 53 


Stack slot to memory mapping:
stack at sp + 0 slots: 0x00007ffc8d16cf0a jvm.dll
stack at sp + 1 slots: 0x0000b8c0cd275b87 is an unknown value
stack at sp + 2 slots: 0x0000004ce7fff6e0 points into unknown readable memory: 0x00007ffc8d7d0e18 | 18 0e 7d 8d fc 7f 00 00
stack at sp + 3 slots: 0x000000008f5a8a30 is an oop: [Ljava.lang.Object; 
{0x000000008f5a8a30} - klass: 'java/lang/Object'[]
 - length: 1
stack at sp + 4 slots: 0x00007ffc8d16ccdf jvm.dll
stack at sp + 5 slots: 0x000000008f5a8b30 is pointing into object: java.util.HashMap 
{0x000000008f5a8b28} - klass: 'java/util/HashMap'
 - ---- fields (total size 6 words):
 - transient 'keySet' 'Ljava/util/Set;' @12  NULL (0x00000000)
 - transient 'values' 'Ljava/util/Collection;' @16  NULL (0x00000000)
 - transient 'size' 'I' @20  1 (0x00000001)
 - transient 'modCount' 'I' @24  1 (0x00000001)
 - 'threshold' 'I' @28  12 (0x0000000c)
 - final 'loadFactor' 'F' @32  0.750000 (0x3f400000)
 - transient 'table' '[Ljava/util/HashMap$Node;' @36  a 'java/util/HashMap$Node'[16] {0x000000008f5a8b58} (0x8f5a8b58)
 - transient 'entrySet' 'Ljava/util/Set;' @40  NULL (0x00000000)
stack at sp + 6 slots: 0x00007ffc8d16ccdf jvm.dll
stack at sp + 7 slots: 0x000001d7ea389ac0 points into unknown readable memory: 0x00007ffc8d7d0df8 | f8 0d 7d 8d fc 7f 00 00


---------------  P R O C E S S  ---------------

Threads class SMR info:
_java_thread_list=0x000001d7f77f6a50, length=103, elements={
0x000001d7ea317a10, 0x000001d7f76139d0, 0x000001d7f76145d0, 0x000001d7f7615c50,
0x000001d7f76175a0, 0x000001d7f7617ee0, 0x000001d7f7618820, 0x000001d7f7619490,
0x000001d7f7626d70, 0x000001d7f76e28b0, 0x000001d7f78a3360, 0x000001d7fd063400,
0x000001d7fd064e90, 0x000001d7fd063950, 0x000001d7fd063ea0, 0x000001d7fd0643f0,
0x000001d7fd064940, 0x000001d7fd0653e0, 0x000001d7fd065930, 0x000001d7fd065e80,
0x000001d7fd0663d0, 0x000001d7fd062eb0, 0x000001d7fd93e2a0, 0x000001d7fd93c810,
0x000001d7fd9427b0, 0x000001d7fd93b2d0, 0x000001d7fd93ed40, 0x000001d7fd93f7e0,
0x000001d7fd93f290, 0x000001d7fd93dd50, 0x000001d7fd93e7f0, 0x000001d7fd93cd60,
0x000001d7fd93c2c0, 0x000001d7fd941d10, 0x000001d7fd940280, 0x000001d7fd9407d0,
0x000001d7fd93b820, 0x000001d7fd9417c0, 0x000001d7fd93bd70, 0x000001d7fd93ad80,
0x000001d7fd940d20, 0x000001d7fd942260, 0x000001d7fdf55210, 0x000001d7fdf54cc0,
0x000001d7fdf54770, 0x000001d7fdf58c80, 0x000001d7fdf5b700, 0x000001d7fdf581e0,
0x000001d7fdf5b1b0, 0x000001d7fdf571f0, 0x000001d7fdf591d0, 0x000001d7fdf53cd0,
0x000001d7fdf59720, 0x000001d7fdf5a1c0, 0x000001d7fdf5a710, 0x000001d7fdf54220,
0x000001d7a9f393b0, 0x000001d7a9f36930, 0x000001d7a9f39900, 0x000001d7a9f3be30,
0x000001d7a9f3a8f0, 0x000001d7a9f373d0, 0x000001d7a9f39e50, 0x000001d7a9f363e0,
0x000001d7a9f3ce20, 0x000001d7a9f3a3a0, 0x000001d7a9f35e90, 0x000001d7a9f3c380,
0x000001d7a9f353f0, 0x000001d7a9f36e80, 0x000001d7a9f3ae40, 0x000001d7aa0ebf80,
0x000001d7aa0e6a80, 0x000001d7aa0e7fc0, 0x000001d7aa0ec4d0, 0x000001d7aa0e9a50,
0x000001d7aa0eb4e0, 0x000001d7aa0ee4b0, 0x000001d7fd93fd30, 0x000001d7fd93d2b0,
0x000001d7aa0eaf90, 0x000001d7a9f37920, 0x000001d7fdf59c70, 0x000001d7aa511ad0,
0x000001d7aa510ae0, 0x000001d7aa512ac0, 0x000001d7aa513560, 0x000001d7aa50c5d0,
0x000001d7aa50faf0, 0x000001d7aa513ab0, 0x000001d7aa50e5b0, 0x000001d7aa513010,
0x000001d7aa50db10, 0x000001d7aa50e060, 0x000001d7aa50d070, 0x000001d7aa50cb20,
0x000001d7aa514000, 0x000001d7aa510040, 0x000001d7aa512020, 0x000001d7aa50d5c0,
0x000001d7aa50eb00, 0x000001d7aa511580, 0x000001d7ac5e02c0
}

Java Threads: ( => current thread )
  0x000001d7ea317a10 JavaThread "main" [_thread_blocked, id=6264, stack(0x0000004ce7c00000,0x0000004ce7d00000)]
  0x000001d7f76139d0 JavaThread "Reference Handler" daemon [_thread_blocked, id=1616, stack(0x0000004ce8300000,0x0000004ce8400000)]
  0x000001d7f76145d0 JavaThread "Finalizer" daemon [_thread_blocked, id=1600, stack(0x0000004ce8400000,0x0000004ce8500000)]
  0x000001d7f7615c50 JavaThread "Signal Dispatcher" daemon [_thread_blocked, id=6960, stack(0x0000004ce8500000,0x0000004ce8600000)]
  0x000001d7f76175a0 JavaThread "Attach Listener" daemon [_thread_blocked, id=1596, stack(0x0000004ce8600000,0x0000004ce8700000)]
  0x000001d7f7617ee0 JavaThread "Service Thread" daemon [_thread_blocked, id=1648, stack(0x0000004ce8700000,0x0000004ce8800000)]
  0x000001d7f7618820 JavaThread "Monitor Deflation Thread" daemon [_thread_blocked, id=1836, stack(0x0000004ce8800000,0x0000004ce8900000)]
  0x000001d7f7619490 JavaThread "C2 CompilerThread0" daemon [_thread_in_native, id=13612, stack(0x0000004ce8900000,0x0000004ce8a00000)]
  0x000001d7f7626d70 JavaThread "C1 CompilerThread0" daemon [_thread_blocked, id=5576, stack(0x0000004ce8a00000,0x0000004ce8b00000)]
  0x000001d7f76e28b0 JavaThread "Common-Cleaner" daemon [_thread_blocked, id=1900, stack(0x0000004ce8b00000,0x0000004ce8c00000)]
  0x000001d7f78a3360 JavaThread "Notification Thread" daemon [_thread_blocked, id=1908, stack(0x0000004ce8c00000,0x0000004ce8d00000)]
  0x000001d7fd063400 JavaThread "Daemon health stats" [_thread_blocked, id=5588, stack(0x0000004ce9200000,0x0000004ce9300000)]
  0x000001d7fd064e90 JavaThread "Incoming local TCP Connector on port 50010" [_thread_in_native, id=4768, stack(0x0000004ce9300000,0x0000004ce9400000)]
  0x000001d7fd063950 JavaThread "Daemon periodic checks" [_thread_blocked, id=5220, stack(0x0000004ce9400000,0x0000004ce9500000)]
  0x000001d7fd063ea0 JavaThread "Daemon" [_thread_blocked, id=5580, stack(0x0000004ce9500000,0x0000004ce9600000)]
  0x000001d7fd0643f0 JavaThread "Handler for socket connection from /127.0.0.1:50010 to /127.0.0.1:50011" [_thread_in_native, id=1808, stack(0x0000004ce9600000,0x0000004ce9700000)]
  0x000001d7fd064940 JavaThread "Cancel handler" [_thread_blocked, id=7192, stack(0x0000004ce9700000,0x0000004ce9800000)]
  0x000001d7fd0653e0 JavaThread "Daemon worker" [_thread_blocked, id=6124, stack(0x0000004ce9800000,0x0000004ce9900000)]
  0x000001d7fd065930 JavaThread "Asynchronous log dispatcher for DefaultDaemonConnection: socket connection from /127.0.0.1:50010 to /127.0.0.1:50011" [_thread_blocked, id=6432, stack(0x0000004ce9900000,0x0000004ce9a00000)]
  0x000001d7fd065e80 JavaThread "Stdin handler" [_thread_blocked, id=1668, stack(0x0000004ce9a00000,0x0000004ce9b00000)]
  0x000001d7fd0663d0 JavaThread "Daemon client event forwarder" [_thread_blocked, id=10636, stack(0x0000004ce9b00000,0x0000004ce9c00000)]
  0x000001d7fd062eb0 JavaThread "Cache worker for journal cache (C:\Users\Dell\.gradle\caches\journal-1)" [_thread_blocked, id=2432, stack(0x0000004ce9c00000,0x0000004ce9d00000)]
  0x000001d7fd93e2a0 JavaThread "File lock request listener" [_thread_in_native, id=2436, stack(0x0000004ce9d00000,0x0000004ce9e00000)]
  0x000001d7fd93c810 JavaThread "Cache worker for file hash cache (C:\Users\Dell\.gradle\caches\8.3\fileHashes)" [_thread_blocked, id=2512, stack(0x0000004ce9e00000,0x0000004ce9f00000)]
  0x000001d7fd9427b0 JavaThread "File watcher server" daemon [_thread_in_native, id=6700, stack(0x0000004ce9f00000,0x0000004cea000000)]
  0x000001d7fd93b2d0 JavaThread "File watcher consumer" daemon [_thread_blocked, id=6792, stack(0x0000004cea000000,0x0000004cea100000)]
  0x000001d7fd93ed40 JavaThread "Cache worker for checksums cache (D:\Projects\Source Code\flawlessNew\android\.gradle\8.3\checksums)" [_thread_blocked, id=2608, stack(0x0000004cea100000,0x0000004cea200000)]
  0x000001d7fd93f7e0 JavaThread "Cache worker for file hash cache (D:\Projects\Source Code\flawlessNew\android\.gradle\8.3\fileHashes)" [_thread_blocked, id=2568, stack(0x0000004cea200000,0x0000004cea300000)]
  0x000001d7fd93f290 JavaThread "Cache worker for cache directory md-supplier (C:\Users\Dell\.gradle\caches\8.3\md-supplier)" [_thread_blocked, id=4536, stack(0x0000004cea300000,0x0000004cea400000)]
  0x000001d7fd93dd50 JavaThread "Cache worker for file content cache (C:\Users\Dell\.gradle\caches\8.3\fileContent)" [_thread_blocked, id=2588, stack(0x0000004cea400000,0x0000004cea500000)]
  0x000001d7fd93e7f0 JavaThread "Cache worker for cache directory md-rule (C:\Users\Dell\.gradle\caches\8.3\md-rule)" [_thread_blocked, id=2644, stack(0x0000004cea500000,0x0000004cea600000)]
  0x000001d7fd93cd60 JavaThread "Cache worker for execution history cache (C:\Users\Dell\.gradle\caches\8.3\executionHistory)" [_thread_blocked, id=2724, stack(0x0000004cea600000,0x0000004cea700000)]
  0x000001d7fd93c2c0 JavaThread "jar transforms" [_thread_blocked, id=8052, stack(0x0000004cea700000,0x0000004cea800000)]
  0x000001d7fd941d10 JavaThread "jar transforms Thread 2" [_thread_blocked, id=2816, stack(0x0000004cea800000,0x0000004cea900000)]
  0x000001d7fd940280 JavaThread "jar transforms Thread 3" [_thread_blocked, id=2808, stack(0x0000004cea900000,0x0000004ceaa00000)]
  0x000001d7fd9407d0 JavaThread "jar transforms Thread 4" [_thread_blocked, id=13636, stack(0x0000004ceaa00000,0x0000004ceab00000)]
  0x000001d7fd93b820 JavaThread "Cache worker for kotlin-dsl (C:\Users\Dell\.gradle\caches\8.3\kotlin-dsl)" [_thread_blocked, id=2028, stack(0x0000004ceab00000,0x0000004ceac00000)]
  0x000001d7fd9417c0 JavaThread "Unconstrained build operations" [_thread_blocked, id=6808, stack(0x0000004ceac00000,0x0000004cead00000)]
  0x000001d7fd93bd70 JavaThread "Unconstrained build operations Thread 2" [_thread_blocked, id=4784, stack(0x0000004cead00000,0x0000004ceae00000)]
  0x000001d7fd93ad80 JavaThread "Cache worker for dependencies-accessors (D:\Projects\Source Code\flawlessNew\android\.gradle\8.3\dependencies-accessors)" [_thread_blocked, id=9336, stack(0x0000004ceae00000,0x0000004ceaf00000)]
  0x000001d7fd940d20 JavaThread "Cache worker for Build Output Cleanup Cache (D:\Projects\Source Code\flawlessNew\node_modules\@react-native\gradle-plugin\.gradle\buildOutputCleanup)" [_thread_blocked, id=10212, stack(0x0000004ceaf00000,0x0000004ceb000000)]
  0x000001d7fd942260 JavaThread "Unconstrained build operations Thread 3" [_thread_blocked, id=10324, stack(0x0000004ceb000000,0x0000004ceb100000)]
  0x000001d7fdf55210 JavaThread "Unconstrained build operations Thread 4" [_thread_blocked, id=13420, stack(0x0000004ceb100000,0x0000004ceb200000)]
  0x000001d7fdf54cc0 JavaThread "Unconstrained build operations Thread 5" [_thread_blocked, id=5116, stack(0x0000004ceb200000,0x0000004ceb300000)]
  0x000001d7fdf54770 JavaThread "Memory manager" [_thread_blocked, id=12788, stack(0x0000004ceb300000,0x0000004ceb400000)]
  0x000001d7fdf58c80 JavaThread "Cache worker for Build Output Cleanup Cache (D:\Projects\Source Code\flawlessNew\android\.gradle\buildOutputCleanup)" [_thread_in_native, id=4932, stack(0x0000004ceb400000,0x0000004ceb500000)]
  0x000001d7fdf5b700 JavaThread "ForkJoinPool.commonPool-worker-1" daemon [_thread_blocked, id=9108, stack(0x0000004ceb500000,0x0000004ceb600000)]
  0x000001d7fdf581e0 JavaThread "ForkJoinPool.commonPool-worker-2" daemon [_thread_blocked, id=7396, stack(0x0000004ceb600000,0x0000004ceb700000)]
  0x000001d7fdf5b1b0 JavaThread "ForkJoinPool.commonPool-worker-3" daemon [_thread_blocked, id=6760, stack(0x0000004ceb700000,0x0000004ceb800000)]
  0x000001d7fdf571f0 JavaThread "Exec process" [_thread_blocked, id=6812, stack(0x0000004ceb800000,0x0000004ceb900000)]
  0x000001d7fdf591d0 JavaThread "Exec process Thread 2" [_thread_blocked, id=13404, stack(0x0000004ceb900000,0x0000004ceba00000)]
  0x000001d7fdf53cd0 JavaThread "Exec process Thread 3" [_thread_blocked, id=13400, stack(0x0000004ceba00000,0x0000004cebb00000)]
  0x000001d7fdf59720 JavaThread "included builds" [_thread_blocked, id=6600, stack(0x0000004cebb00000,0x0000004cebc00000)]
  0x000001d7fdf5a1c0 JavaThread "Execution worker" [_thread_blocked, id=7420, stack(0x0000004cebc00000,0x0000004cebd00000)]
  0x000001d7fdf5a710 JavaThread "Execution worker Thread 2" [_thread_blocked, id=8820, stack(0x0000004cebd00000,0x0000004cebe00000)]
  0x000001d7fdf54220 JavaThread "Execution worker Thread 3" [_thread_blocked, id=6652, stack(0x0000004cebe00000,0x0000004cebf00000)]
  0x000001d7a9f393b0 JavaThread "Cache worker for execution history cache (D:\Projects\Source Code\flawlessNew\node_modules\@react-native\gradle-plugin\.gradle\8.3\executionHistory)" [_thread_blocked, id=7160, stack(0x0000004cebf00000,0x0000004cec000000)]
  0x000001d7a9f36930 JavaThread "Unconstrained build operations Thread 6" [_thread_blocked, id=6892, stack(0x0000004cec000000,0x0000004cec100000)]
  0x000001d7a9f39900 JavaThread "Unconstrained build operations Thread 7" [_thread_blocked, id=9116, stack(0x0000004cec100000,0x0000004cec200000)]
  0x000001d7a9f3be30 JavaThread "Unconstrained build operations Thread 8" [_thread_blocked, id=9112, stack(0x0000004cec200000,0x0000004cec300000)]
  0x000001d7a9f3a8f0 JavaThread "Unconstrained build operations Thread 9" [_thread_blocked, id=6736, stack(0x0000004cec300000,0x0000004cec400000)]
  0x000001d7a9f373d0 JavaThread "Unconstrained build operations Thread 10" [_thread_blocked, id=6972, stack(0x0000004cec400000,0x0000004cec500000)]
  0x000001d7a9f39e50 JavaThread "WorkerExecutor Queue" [_thread_blocked, id=7092, stack(0x0000004cec500000,0x0000004cec600000)]
  0x000001d7a9f363e0 JavaThread "RMI Scheduler(0)" daemon [_thread_blocked, id=13904, stack(0x0000004ce8e00000,0x0000004ce8f00000)]
  0x000001d7a9f3ce20 JavaThread "RMI GC Daemon" daemon [_thread_blocked, id=13892, stack(0x0000004cec700000,0x0000004cec800000)]
  0x000001d7a9f3a3a0 JavaThread "RMI TCP Accept-0" daemon [_thread_in_native, id=13880, stack(0x0000004cec800000,0x0000004cec900000)]
  0x000001d7a9f35e90 JavaThread "RMI Reaper" [_thread_blocked, id=13876, stack(0x0000004cec900000,0x0000004ceca00000)]
  0x000001d7a9f3c380 JavaThread "RMI TCP Connection(idle)" daemon [_thread_blocked, id=6192, stack(0x0000004cecb00000,0x0000004cecc00000)]
  0x000001d7a9f353f0 JavaThread "Unconstrained build operations Thread 11" [_thread_blocked, id=14236, stack(0x0000004cecd00000,0x0000004cece00000)]
  0x000001d7a9f36e80 JavaThread "Unconstrained build operations Thread 12" [_thread_blocked, id=14244, stack(0x0000004cece00000,0x0000004cecf00000)]
  0x000001d7a9f3ae40 JavaThread "Unconstrained build operations Thread 13" [_thread_blocked, id=14248, stack(0x0000004cecf00000,0x0000004ced000000)]
  0x000001d7aa0ebf80 JavaThread "Unconstrained build operations Thread 14" [_thread_blocked, id=8068, stack(0x0000004ced000000,0x0000004ced100000)]
  0x000001d7aa0e6a80 JavaThread "Unconstrained build operations Thread 15" [_thread_blocked, id=5204, stack(0x0000004ced100000,0x0000004ced200000)]
  0x000001d7aa0e7fc0 JavaThread "Unconstrained build operations Thread 16" [_thread_blocked, id=3980, stack(0x0000004ced200000,0x0000004ced300000)]
  0x000001d7aa0ec4d0 JavaThread "Unconstrained build operations Thread 17" [_thread_blocked, id=4224, stack(0x0000004ced300000,0x0000004ced400000)]
  0x000001d7aa0e9a50 JavaThread "Unconstrained build operations Thread 18" [_thread_blocked, id=10256, stack(0x0000004ced400000,0x0000004ced500000)]
  0x000001d7aa0eb4e0 JavaThread "Unconstrained build operations Thread 19" [_thread_blocked, id=12784, stack(0x0000004ced500000,0x0000004ced600000)]
  0x000001d7aa0ee4b0 JavaThread "Unconstrained build operations Thread 20" [_thread_blocked, id=12808, stack(0x0000004ced600000,0x0000004ced700000)]
  0x000001d7fd93fd30 JavaThread "Unconstrained build operations Thread 21" [_thread_blocked, id=14160, stack(0x0000004ced700000,0x0000004ced800000)]
  0x000001d7fd93d2b0 JavaThread "Unconstrained build operations Thread 22" [_thread_blocked, id=14072, stack(0x0000004ced800000,0x0000004ced900000)]
  0x000001d7aa0eaf90 JavaThread "Unconstrained build operations Thread 23" [_thread_blocked, id=14156, stack(0x0000004ced900000,0x0000004ceda00000)]
  0x000001d7a9f37920 JavaThread "Unconstrained build operations Thread 24" [_thread_blocked, id=10612, stack(0x0000004ceda00000,0x0000004cedb00000)]
  0x000001d7fdf59c70 JavaThread "Unconstrained build operations Thread 25" [_thread_blocked, id=10440, stack(0x0000004cedb00000,0x0000004cedc00000)]
  0x000001d7aa511ad0 JavaThread "Unconstrained build operations Thread 26" [_thread_blocked, id=10404, stack(0x0000004cedc00000,0x0000004cedd00000)]
  0x000001d7aa510ae0 JavaThread "Unconstrained build operations Thread 27" [_thread_blocked, id=10616, stack(0x0000004cedd00000,0x0000004cede00000)]
  0x000001d7aa512ac0 JavaThread "Unconstrained build operations Thread 28" [_thread_blocked, id=10428, stack(0x0000004cede00000,0x0000004cedf00000)]
  0x000001d7aa513560 JavaThread "Unconstrained build operations Thread 29" [_thread_blocked, id=10592, stack(0x0000004cedf00000,0x0000004cee000000)]
  0x000001d7aa50c5d0 JavaThread "Unconstrained build operations Thread 30" [_thread_blocked, id=13088, stack(0x0000004cee000000,0x0000004cee100000)]
  0x000001d7aa50faf0 JavaThread "Unconstrained build operations Thread 31" [_thread_blocked, id=13648, stack(0x0000004cee100000,0x0000004cee200000)]
  0x000001d7aa513ab0 JavaThread "Unconstrained build operations Thread 32" [_thread_blocked, id=13660, stack(0x0000004cee200000,0x0000004cee300000)]
  0x000001d7aa50e5b0 JavaThread "Unconstrained build operations Thread 33" [_thread_blocked, id=13652, stack(0x0000004ce7900000,0x0000004ce7a00000)]
  0x000001d7aa513010 JavaThread "Unconstrained build operations Thread 34" [_thread_blocked, id=13664, stack(0x0000004ce7b00000,0x0000004ce7c00000)]
  0x000001d7aa50db10 JavaThread "Unconstrained build operations Thread 35" [_thread_blocked, id=13676, stack(0x0000004cee300000,0x0000004cee400000)]
  0x000001d7aa50e060 JavaThread "Unconstrained build operations Thread 36" [_thread_blocked, id=13680, stack(0x0000004cee400000,0x0000004cee500000)]
  0x000001d7aa50d070 JavaThread "Unconstrained build operations Thread 37" [_thread_blocked, id=14136, stack(0x0000004cee500000,0x0000004cee600000)]
  0x000001d7aa50cb20 JavaThread "Unconstrained build operations Thread 38" [_thread_blocked, id=14132, stack(0x0000004cee600000,0x0000004cee700000)]
  0x000001d7aa514000 JavaThread "Unconstrained build operations Thread 39" [_thread_blocked, id=14128, stack(0x0000004cee700000,0x0000004cee800000)]
  0x000001d7aa510040 JavaThread "Unconstrained build operations Thread 40" [_thread_blocked, id=14140, stack(0x0000004cee800000,0x0000004cee900000)]
  0x000001d7aa512020 JavaThread "Cache worker for execution history cache (D:\Projects\Source Code\flawlessNew\android\.gradle\8.3\executionHistory)" [_thread_blocked, id=10192, stack(0x0000004cee900000,0x0000004ceea00000)]
  0x000001d7aa50d5c0 JavaThread "WorkerExecutor Queue Thread 2" [_thread_blocked, id=14144, stack(0x0000004ceea00000,0x0000004ceeb00000)]
  0x000001d7aa50eb00 JavaThread "WorkerExecutor Queue Thread 3" [_thread_blocked, id=14148, stack(0x0000004ceeb00000,0x0000004ceec00000)]
  0x000001d7aa511580 JavaThread "WorkerExecutor Queue Thread 4" [_thread_blocked, id=14092, stack(0x0000004ceec00000,0x0000004ceed00000)]
  0x000001d7ac5e02c0 JavaThread "C2 CompilerThread1" daemon [_thread_in_native, id=11312, stack(0x0000004cec600000,0x0000004cec700000)]

Other Threads:
  0x000001d7f7513e90 VMThread "VM Thread" [stack: 0x0000004ce8200000,0x0000004ce8300000] [id=4468]
  0x000001d7ea318840 WatcherThread "VM Periodic Task Thread" [stack: 0x0000004ce8d00000,0x0000004ce8e00000] [id=7908]
  0x000001d7ea376530 WorkerThread "GC Thread#0" [stack: 0x0000004ce7d00000,0x0000004ce7e00000] [id=6256]
  0x000001d7fc51c270 WorkerThread "GC Thread#1" [stack: 0x0000004ce8f00000,0x0000004ce9000000] [id=5584]
  0x000001d7fc3550e0 WorkerThread "GC Thread#2" [stack: 0x0000004ce9000000,0x0000004ce9100000] [id=1780]
  0x000001d7fc3553b0 WorkerThread "GC Thread#3" [stack: 0x0000004ce9100000,0x0000004ce9200000] [id=1776]
  0x000001d7ea3874f0 ConcurrentGCThread "G1 Main Marker" [stack: 0x0000004ce7e00000,0x0000004ce7f00000] [id=6232]
=>0x000001d7ea3885d0 WorkerThread "G1 Conc#0" [stack: 0x0000004ce7f00000,0x0000004ce8000000] [id=2328]
  0x000001d7f74a5050 ConcurrentGCThread "G1 Refine#0" [stack: 0x0000004ce8000000,0x0000004ce8100000] [id=7720]
  0x000001d7f74a7910 ConcurrentGCThread "G1 Service" [stack: 0x0000004ce8100000,0x0000004ce8200000] [id=2332]

Threads with active compile tasks:
C2 CompilerThread0    73701 25693       4       org.gradle.api.internal.artifacts.transform.DefaultTransformedVariantFactory::locateOrCreate (148 bytes)
C2 CompilerThread1    73701 25701       4       org.gradle.internal.logging.sink.OutputEventTransformer::onOutput (369 bytes)

VM state: not at safepoint (normal execution)

VM Mutex/Monitor currently owned by a thread: None

Heap address: 0x0000000080000000, size: 2048 MB, Compressed Oops mode: 32-bit

CDS archive(s) mapped at: [0x000001d78f000000-0x000001d78fc60000-0x000001d78fc60000), size 12976128, SharedBaseAddress: 0x000001d78f000000, ArchiveRelocationMode: 1.
Compressed class space mapped at: 0x000001d790000000-0x000001d7a9c00000, reserved size: 432013312
Narrow klass base: 0x000001d78f000000, Narrow klass shift: 0, Narrow klass range: 0x100000000

GC Precious Log:
 CardTable entry size: 512
 Card Set container configuration: InlinePtr #cards 5 size 8 Array Of Cards #cards 12 size 40 Howl #buckets 4 coarsen threshold 1843 Howl Bitmap #cards 512 size 80 coarsen threshold 460 Card regions per heap region 1 cards per card region 2048
 CPUs: 4 total, 4 available
 Memory: 32648M
 Large Page Support: Disabled
 NUMA Support: Disabled
 Compressed Oops: Enabled (32-bit)
 Heap Region Size: 1M
 Heap Min Capacity: 8M
 Heap Initial Capacity: 512M
 Heap Max Capacity: 2G
 Pre-touch: Disabled
 Parallel Workers: 4
 Concurrent Workers: 1
 Concurrent Refinement Workers: 4
 Periodic GC: Disabled

Heap:
 garbage-first heap   total 502784K, used 318767K [0x0000000080000000, 0x0000000100000000)
  region size 1024K, 29 young (29696K), 2 survivors (2048K)
 Metaspace       used 133589K, committed 136448K, reserved 552960K
  class space    used 17686K, committed 19072K, reserved 421888K

Heap Regions: E=young(eden), S=young(survivor), O=old, HS=humongous(starts), HC=humongous(continues), CS=collection set, F=free, OA=open archive, CA=closed archive, TAMS=top-at-mark-start, PB=parsable bottom
|   0|0x0000000080000000, 0x0000000080100000, 0x0000000080100000|100%|HS|  |TAMS 0x0000000080100000| PB 0x0000000080000000| Complete 
|   1|0x0000000080100000, 0x0000000080200000, 0x0000000080200000|100%|HC|  |TAMS 0x0000000080200000| PB 0x0000000080100000| Complete 
|   2|0x0000000080200000, 0x0000000080300000, 0x0000000080300000|100%|HC|  |TAMS 0x0000000080300000| PB 0x0000000080200000| Complete 
|   3|0x0000000080300000, 0x0000000080400000, 0x0000000080400000|100%|HC|  |TAMS 0x0000000080400000| PB 0x0000000080300000| Complete 
|   4|0x0000000080400000, 0x0000000080500000, 0x0000000080500000|100%| O|  |TAMS 0x0000000080500000| PB 0x0000000080400000| Untracked 
|   5|0x0000000080500000, 0x0000000080600000, 0x0000000080600000|100%| O|  |TAMS 0x0000000080600000| PB 0x0000000080500000| Untracked 
|   6|0x0000000080600000, 0x0000000080700000, 0x0000000080700000|100%| O|  |TAMS 0x0000000080700000| PB 0x0000000080600000| Untracked 
|   7|0x0000000080700000, 0x0000000080800000, 0x0000000080800000|100%| O|  |TAMS 0x0000000080800000| PB 0x0000000080700000| Untracked 
|   8|0x0000000080800000, 0x0000000080900000, 0x0000000080900000|100%| O|  |TAMS 0x0000000080900000| PB 0x0000000080800000| Untracked 
|   9|0x0000000080900000, 0x0000000080a00000, 0x0000000080a00000|100%| O|  |TAMS 0x0000000080a00000| PB 0x0000000080900000| Untracked 
|  10|0x0000000080a00000, 0x0000000080b00000, 0x0000000080b00000|100%| O|  |TAMS 0x0000000080b00000| PB 0x0000000080a00000| Untracked 
|  11|0x0000000080b00000, 0x0000000080c00000, 0x0000000080c00000|100%| O|  |TAMS 0x0000000080c00000| PB 0x0000000080b00000| Untracked 
|  12|0x0000000080c00000, 0x0000000080d00000, 0x0000000080d00000|100%| O|  |TAMS 0x0000000080d00000| PB 0x0000000080c00000| Untracked 
|  13|0x0000000080d00000, 0x0000000080e00000, 0x0000000080e00000|100%| O|  |TAMS 0x0000000080e00000| PB 0x0000000080d00000| Untracked 
|  14|0x0000000080e00000, 0x0000000080f00000, 0x0000000080f00000|100%| O|  |TAMS 0x0000000080f00000| PB 0x0000000080e00000| Untracked 
|  15|0x0000000080f00000, 0x0000000081000000, 0x0000000081000000|100%| O|  |TAMS 0x0000000081000000| PB 0x0000000080f00000| Untracked 
|  16|0x0000000081000000, 0x0000000081100000, 0x0000000081100000|100%| O|  |TAMS 0x0000000081100000| PB 0x0000000081000000| Untracked 
|  17|0x0000000081100000, 0x0000000081200000, 0x0000000081200000|100%| O|  |TAMS 0x0000000081200000| PB 0x0000000081100000| Untracked 
|  18|0x0000000081200000, 0x0000000081300000, 0x0000000081300000|100%| O|  |TAMS 0x0000000081300000| PB 0x0000000081200000| Untracked 
|  19|0x0000000081300000, 0x0000000081400000, 0x0000000081400000|100%| O|  |TAMS 0x0000000081400000| PB 0x0000000081300000| Untracked 
|  20|0x0000000081400000, 0x0000000081500000, 0x0000000081500000|100%| O|  |TAMS 0x0000000081500000| PB 0x0000000081400000| Untracked 
|  21|0x0000000081500000, 0x0000000081600000, 0x0000000081600000|100%| O|  |TAMS 0x0000000081600000| PB 0x0000000081500000| Untracked 
|  22|0x0000000081600000, 0x0000000081700000, 0x0000000081700000|100%| O|  |TAMS 0x0000000081700000| PB 0x0000000081600000| Untracked 
|  23|0x0000000081700000, 0x0000000081800000, 0x0000000081800000|100%| O|  |TAMS 0x0000000081800000| PB 0x0000000081700000| Untracked 
|  24|0x0000000081800000, 0x0000000081900000, 0x0000000081900000|100%| O|  |TAMS 0x0000000081900000| PB 0x0000000081800000| Untracked 
|  25|0x0000000081900000, 0x0000000081a00000, 0x0000000081a00000|100%| O|  |TAMS 0x0000000081a00000| PB 0x0000000081900000| Untracked 
|  26|0x0000000081a00000, 0x0000000081b00000, 0x0000000081b00000|100%| O|  |TAMS 0x0000000081b00000| PB 0x0000000081a00000| Untracked 
|  27|0x0000000081b00000, 0x0000000081c00000, 0x0000000081c00000|100%| O|  |TAMS 0x0000000081c00000| PB 0x0000000081b00000| Untracked 
|  28|0x0000000081c00000, 0x0000000081d00000, 0x0000000081d00000|100%| O|  |TAMS 0x0000000081d00000| PB 0x0000000081c00000| Untracked 
|  29|0x0000000081d00000, 0x0000000081e00000, 0x0000000081e00000|100%|HS|  |TAMS 0x0000000081e00000| PB 0x0000000081d00000| Complete 
|  30|0x0000000081e00000, 0x0000000081f00000, 0x0000000081f00000|100%| O|  |TAMS 0x0000000081f00000| PB 0x0000000081e00000| Untracked 
|  31|0x0000000081f00000, 0x0000000082000000, 0x0000000082000000|100%| O|  |TAMS 0x0000000082000000| PB 0x0000000081f00000| Untracked 
|  32|0x0000000082000000, 0x0000000082100000, 0x0000000082100000|100%| O|  |TAMS 0x0000000082100000| PB 0x0000000082000000| Untracked 
|  33|0x0000000082100000, 0x0000000082100000, 0x0000000082200000|  0%| F|  |TAMS 0x0000000082100000| PB 0x0000000082100000| Untracked 
|  34|0x0000000082200000, 0x0000000082300000, 0x0000000082300000|100%| O|  |TAMS 0x0000000082300000| PB 0x0000000082200000| Untracked 
|  35|0x0000000082300000, 0x0000000082400000, 0x0000000082400000|100%| O|  |TAMS 0x0000000082400000| PB 0x0000000082300000| Untracked 
|  36|0x0000000082400000, 0x0000000082500000, 0x0000000082500000|100%| O|  |TAMS 0x0000000082500000| PB 0x0000000082400000| Untracked 
|  37|0x0000000082500000, 0x0000000082600000, 0x0000000082600000|100%| O|  |TAMS 0x0000000082600000| PB 0x0000000082500000| Untracked 
|  38|0x0000000082600000, 0x0000000082700000, 0x0000000082700000|100%|HS|  |TAMS 0x0000000082700000| PB 0x0000000082600000| Complete 
|  39|0x0000000082700000, 0x0000000082800000, 0x0000000082800000|100%|HS|  |TAMS 0x0000000082800000| PB 0x0000000082700000| Complete 
|  40|0x0000000082800000, 0x0000000082900000, 0x0000000082900000|100%|HC|  |TAMS 0x0000000082900000| PB 0x0000000082800000| Complete 
|  41|0x0000000082900000, 0x0000000082a00000, 0x0000000082a00000|100%| O|  |TAMS 0x0000000082a00000| PB 0x0000000082900000| Untracked 
|  42|0x0000000082a00000, 0x0000000082b00000, 0x0000000082b00000|100%| O|  |TAMS 0x0000000082b00000| PB 0x0000000082a00000| Untracked 
|  43|0x0000000082b00000, 0x0000000082c00000, 0x0000000082c00000|100%|HS|  |TAMS 0x0000000082c00000| PB 0x0000000082b00000| Complete 
|  44|0x0000000082c00000, 0x0000000082d00000, 0x0000000082d00000|100%|HC|  |TAMS 0x0000000082d00000| PB 0x0000000082c00000| Complete 
|  45|0x0000000082d00000, 0x0000000082e00000, 0x0000000082e00000|100%|HS|  |TAMS 0x0000000082e00000| PB 0x0000000082d00000| Complete 
|  46|0x0000000082e00000, 0x0000000082f00000, 0x0000000082f00000|100%|HS|  |TAMS 0x0000000082f00000| PB 0x0000000082e00000| Complete 
|  47|0x0000000082f00000, 0x0000000083000000, 0x0000000083000000|100%| O|  |TAMS 0x0000000083000000| PB 0x0000000082f00000| Untracked 
|  48|0x0000000083000000, 0x0000000083100000, 0x0000000083100000|100%| O|  |TAMS 0x0000000083100000| PB 0x0000000083000000| Untracked 
|  49|0x0000000083100000, 0x0000000083200000, 0x0000000083200000|100%|HS|  |TAMS 0x0000000083200000| PB 0x0000000083100000| Complete 
|  50|0x0000000083200000, 0x0000000083300000, 0x0000000083300000|100%|HC|  |TAMS 0x0000000083300000| PB 0x0000000083200000| Complete 
|  51|0x0000000083300000, 0x0000000083400000, 0x0000000083400000|100%|HC|  |TAMS 0x0000000083400000| PB 0x0000000083300000| Complete 
|  52|0x0000000083400000, 0x0000000083500000, 0x0000000083500000|100%|HC|  |TAMS 0x0000000083500000| PB 0x0000000083400000| Complete 
|  53|0x0000000083500000, 0x0000000083600000, 0x0000000083600000|100%|HS|  |TAMS 0x0000000083600000| PB 0x0000000083500000| Complete 
|  54|0x0000000083600000, 0x0000000083700000, 0x0000000083700000|100%| O|  |TAMS 0x0000000083700000| PB 0x0000000083600000| Untracked 
|  55|0x0000000083700000, 0x0000000083800000, 0x0000000083800000|100%| O|  |TAMS 0x0000000083800000| PB 0x0000000083700000| Untracked 
|  56|0x0000000083800000, 0x0000000083900000, 0x0000000083900000|100%| O|  |TAMS 0x0000000083900000| PB 0x0000000083800000| Untracked 
|  57|0x0000000083900000, 0x0000000083a00000, 0x0000000083a00000|100%| O|  |TAMS 0x0000000083a00000| PB 0x0000000083900000| Untracked 
|  58|0x0000000083a00000, 0x0000000083b00000, 0x0000000083b00000|100%| O|  |TAMS 0x0000000083b00000| PB 0x0000000083a00000| Untracked 
|  59|0x0000000083b00000, 0x0000000083c00000, 0x0000000083c00000|100%| O|  |TAMS 0x0000000083c00000| PB 0x0000000083b00000| Untracked 
|  60|0x0000000083c00000, 0x0000000083d00000, 0x0000000083d00000|100%| O|  |TAMS 0x0000000083d00000| PB 0x0000000083c00000| Untracked 
|  61|0x0000000083d00000, 0x0000000083e00000, 0x0000000083e00000|100%| O|  |TAMS 0x0000000083e00000| PB 0x0000000083d00000| Untracked 
|  62|0x0000000083e00000, 0x0000000083f00000, 0x0000000083f00000|100%| O|  |TAMS 0x0000000083f00000| PB 0x0000000083e00000| Untracked 
|  63|0x0000000083f00000, 0x0000000084000000, 0x0000000084000000|100%| O|  |TAMS 0x0000000084000000| PB 0x0000000083f00000| Untracked 
|  64|0x0000000084000000, 0x0000000084100000, 0x0000000084100000|100%| O|  |TAMS 0x0000000084100000| PB 0x0000000084000000| Untracked 
|  65|0x0000000084100000, 0x0000000084200000, 0x0000000084200000|100%| O|  |TAMS 0x0000000084200000| PB 0x0000000084100000| Untracked 
|  66|0x0000000084200000, 0x0000000084300000, 0x0000000084300000|100%|HS|  |TAMS 0x0000000084300000| PB 0x0000000084200000| Complete 
|  67|0x0000000084300000, 0x0000000084400000, 0x0000000084400000|100%|HC|  |TAMS 0x0000000084400000| PB 0x0000000084300000| Complete 
|  68|0x0000000084400000, 0x0000000084500000, 0x0000000084500000|100%|HC|  |TAMS 0x0000000084500000| PB 0x0000000084400000| Complete 
|  69|0x0000000084500000, 0x0000000084600000, 0x0000000084600000|100%|HC|  |TAMS 0x0000000084600000| PB 0x0000000084500000| Complete 
|  70|0x0000000084600000, 0x0000000084700000, 0x0000000084700000|100%| O|  |TAMS 0x0000000084700000| PB 0x0000000084600000| Untracked 
|  71|0x0000000084700000, 0x0000000084800000, 0x0000000084800000|100%| O|  |TAMS 0x0000000084800000| PB 0x0000000084700000| Untracked 
|  72|0x0000000084800000, 0x0000000084900000, 0x0000000084900000|100%| O|  |TAMS 0x0000000084900000| PB 0x0000000084800000| Untracked 
|  73|0x0000000084900000, 0x0000000084a00000, 0x0000000084a00000|100%| O|  |TAMS 0x0000000084a00000| PB 0x0000000084900000| Untracked 
|  74|0x0000000084a00000, 0x0000000084b00000, 0x0000000084b00000|100%| O|  |TAMS 0x0000000084b00000| PB 0x0000000084a00000| Untracked 
|  75|0x0000000084b00000, 0x0000000084c00000, 0x0000000084c00000|100%| O|  |TAMS 0x0000000084c00000| PB 0x0000000084b00000| Untracked 
|  76|0x0000000084c00000, 0x0000000084d00000, 0x0000000084d00000|100%| O|  |TAMS 0x0000000084d00000| PB 0x0000000084c00000| Untracked 
|  77|0x0000000084d00000, 0x0000000084e00000, 0x0000000084e00000|100%| O|  |TAMS 0x0000000084e00000| PB 0x0000000084d00000| Untracked 
|  78|0x0000000084e00000, 0x0000000084f00000, 0x0000000084f00000|100%| O|  |TAMS 0x0000000084f00000| PB 0x0000000084e00000| Untracked 
|  79|0x0000000084f00000, 0x0000000085000000, 0x0000000085000000|100%| O|  |TAMS 0x0000000085000000| PB 0x0000000084f00000| Untracked 
|  80|0x0000000085000000, 0x0000000085100000, 0x0000000085100000|100%| O|  |TAMS 0x0000000085100000| PB 0x0000000085000000| Untracked 
|  81|0x0000000085100000, 0x0000000085200000, 0x0000000085200000|100%| O|  |TAMS 0x0000000085200000| PB 0x0000000085100000| Untracked 
|  82|0x0000000085200000, 0x0000000085300000, 0x0000000085300000|100%| O|  |TAMS 0x0000000085300000| PB 0x0000000085200000| Untracked 
|  83|0x0000000085300000, 0x0000000085400000, 0x0000000085400000|100%| O|  |TAMS 0x0000000085400000| PB 0x0000000085300000| Untracked 
|  84|0x0000000085400000, 0x0000000085500000, 0x0000000085500000|100%| O|  |TAMS 0x0000000085500000| PB 0x0000000085400000| Untracked 
|  85|0x0000000085500000, 0x0000000085600000, 0x0000000085600000|100%| O|  |TAMS 0x0000000085600000| PB 0x0000000085500000| Untracked 
|  86|0x0000000085600000, 0x0000000085700000, 0x0000000085700000|100%| O|  |TAMS 0x0000000085700000| PB 0x0000000085600000| Untracked 
|  87|0x0000000085700000, 0x0000000085800000, 0x0000000085800000|100%|HS|  |TAMS 0x0000000085800000| PB 0x0000000085700000| Complete 
|  88|0x0000000085800000, 0x0000000085900000, 0x0000000085900000|100%| O|  |TAMS 0x0000000085900000| PB 0x0000000085800000| Untracked 
|  89|0x0000000085900000, 0x0000000085a00000, 0x0000000085a00000|100%| O|  |TAMS 0x0000000085a00000| PB 0x0000000085900000| Untracked 
|  90|0x0000000085a00000, 0x0000000085b00000, 0x0000000085b00000|100%| O|  |TAMS 0x0000000085b00000| PB 0x0000000085a00000| Untracked 
|  91|0x0000000085b00000, 0x0000000085c00000, 0x0000000085c00000|100%| O|  |TAMS 0x0000000085c00000| PB 0x0000000085b00000| Untracked 
|  92|0x0000000085c00000, 0x0000000085d00000, 0x0000000085d00000|100%| O|  |TAMS 0x0000000085d00000| PB 0x0000000085c00000| Untracked 
|  93|0x0000000085d00000, 0x0000000085e00000, 0x0000000085e00000|100%| O|  |TAMS 0x0000000085e00000| PB 0x0000000085d00000| Untracked 
|  94|0x0000000085e00000, 0x0000000085f00000, 0x0000000085f00000|100%| O|  |TAMS 0x0000000085f00000| PB 0x0000000085e00000| Untracked 
|  95|0x0000000085f00000, 0x0000000086000000, 0x0000000086000000|100%| O|  |TAMS 0x0000000086000000| PB 0x0000000085f00000| Untracked 
|  96|0x0000000086000000, 0x0000000086100000, 0x0000000086100000|100%| O|  |TAMS 0x0000000086100000| PB 0x0000000086000000| Untracked 
|  97|0x0000000086100000, 0x0000000086200000, 0x0000000086200000|100%| O|  |TAMS 0x0000000086200000| PB 0x0000000086100000| Untracked 
|  98|0x0000000086200000, 0x0000000086300000, 0x0000000086300000|100%| O|  |TAMS 0x0000000086300000| PB 0x0000000086200000| Untracked 
|  99|0x0000000086300000, 0x0000000086400000, 0x0000000086400000|100%| O|  |TAMS 0x0000000086400000| PB 0x0000000086300000| Untracked 
| 100|0x0000000086400000, 0x0000000086500000, 0x0000000086500000|100%| O|  |TAMS 0x0000000086500000| PB 0x0000000086400000| Untracked 
| 101|0x0000000086500000, 0x0000000086600000, 0x0000000086600000|100%| O|  |TAMS 0x0000000086600000| PB 0x0000000086500000| Untracked 
| 102|0x0000000086600000, 0x0000000086700000, 0x0000000086700000|100%| O|  |TAMS 0x0000000086700000| PB 0x0000000086600000| Untracked 
| 103|0x0000000086700000, 0x0000000086800000, 0x0000000086800000|100%| O|  |TAMS 0x0000000086800000| PB 0x0000000086700000| Untracked 
| 104|0x0000000086800000, 0x0000000086900000, 0x0000000086900000|100%| O|  |TAMS 0x0000000086900000| PB 0x0000000086800000| Untracked 
| 105|0x0000000086900000, 0x0000000086a00000, 0x0000000086a00000|100%| O|  |TAMS 0x0000000086a00000| PB 0x0000000086900000| Untracked 
| 106|0x0000000086a00000, 0x0000000086b00000, 0x0000000086b00000|100%|HS|  |TAMS 0x0000000086b00000| PB 0x0000000086a00000| Complete 
| 107|0x0000000086b00000, 0x0000000086c00000, 0x0000000086c00000|100%|HS|  |TAMS 0x0000000086c00000| PB 0x0000000086b00000| Complete 
| 108|0x0000000086c00000, 0x0000000086d00000, 0x0000000086d00000|100%|HS|  |TAMS 0x0000000086d00000| PB 0x0000000086c00000| Complete 
| 109|0x0000000086d00000, 0x0000000086e00000, 0x0000000086e00000|100%|HS|  |TAMS 0x0000000086e00000| PB 0x0000000086d00000| Complete 
| 110|0x0000000086e00000, 0x0000000086f00000, 0x0000000086f00000|100%|HC|  |TAMS 0x0000000086f00000| PB 0x0000000086e00000| Complete 
| 111|0x0000000086f00000, 0x0000000087000000, 0x0000000087000000|100%| O|  |TAMS 0x0000000087000000| PB 0x0000000086f00000| Untracked 
| 112|0x0000000087000000, 0x0000000087100000, 0x0000000087100000|100%| O|  |TAMS 0x0000000087100000| PB 0x0000000087000000| Untracked 
| 113|0x0000000087100000, 0x0000000087200000, 0x0000000087200000|100%| O|  |TAMS 0x0000000087200000| PB 0x0000000087100000| Untracked 
| 114|0x0000000087200000, 0x0000000087300000, 0x0000000087300000|100%| O|  |TAMS 0x0000000087300000| PB 0x0000000087200000| Untracked 
| 115|0x0000000087300000, 0x0000000087400000, 0x0000000087400000|100%| O|  |TAMS 0x0000000087400000| PB 0x0000000087300000| Untracked 
| 116|0x0000000087400000, 0x0000000087500000, 0x0000000087500000|100%| O|  |TAMS 0x0000000087500000| PB 0x0000000087400000| Untracked 
| 117|0x0000000087500000, 0x0000000087600000, 0x0000000087600000|100%| O|  |TAMS 0x0000000087600000| PB 0x0000000087500000| Untracked 
| 118|0x0000000087600000, 0x0000000087700000, 0x0000000087700000|100%| O|  |TAMS 0x0000000087700000| PB 0x0000000087600000| Untracked 
| 119|0x0000000087700000, 0x0000000087800000, 0x0000000087800000|100%| O|  |TAMS 0x0000000087800000| PB 0x0000000087700000| Untracked 
| 120|0x0000000087800000, 0x0000000087900000, 0x0000000087900000|100%| O|  |TAMS 0x0000000087900000| PB 0x0000000087800000| Untracked 
| 121|0x0000000087900000, 0x0000000087a00000, 0x0000000087a00000|100%| O|  |TAMS 0x0000000087a00000| PB 0x0000000087900000| Untracked 
| 122|0x0000000087a00000, 0x0000000087b00000, 0x0000000087b00000|100%| O|  |TAMS 0x0000000087b00000| PB 0x0000000087a00000| Untracked 
| 123|0x0000000087b00000, 0x0000000087c00000, 0x0000000087c00000|100%| O|  |TAMS 0x0000000087c00000| PB 0x0000000087b00000| Untracked 
| 124|0x0000000087c00000, 0x0000000087d00000, 0x0000000087d00000|100%|HS|  |TAMS 0x0000000087d00000| PB 0x0000000087c00000| Complete 
| 125|0x0000000087d00000, 0x0000000087e00000, 0x0000000087e00000|100%| O|  |TAMS 0x0000000087e00000| PB 0x0000000087d00000| Untracked 
| 126|0x0000000087e00000, 0x0000000087f00000, 0x0000000087f00000|100%| O|  |TAMS 0x0000000087f00000| PB 0x0000000087e00000| Untracked 
| 127|0x0000000087f00000, 0x0000000088000000, 0x0000000088000000|100%| O|  |TAMS 0x0000000088000000| PB 0x0000000087f00000| Untracked 
| 128|0x0000000088000000, 0x0000000088100000, 0x0000000088100000|100%| O|  |TAMS 0x0000000088100000| PB 0x0000000088000000| Untracked 
| 129|0x0000000088100000, 0x0000000088200000, 0x0000000088200000|100%| O|  |TAMS 0x0000000088200000| PB 0x0000000088100000| Untracked 
| 130|0x0000000088200000, 0x0000000088300000, 0x0000000088300000|100%| O|  |TAMS 0x0000000088300000| PB 0x0000000088200000| Untracked 
| 131|0x0000000088300000, 0x0000000088400000, 0x0000000088400000|100%| O|  |TAMS 0x0000000088400000| PB 0x0000000088300000| Untracked 
| 132|0x0000000088400000, 0x0000000088500000, 0x0000000088500000|100%| O|  |TAMS 0x0000000088500000| PB 0x0000000088400000| Untracked 
| 133|0x0000000088500000, 0x0000000088600000, 0x0000000088600000|100%| O|  |TAMS 0x0000000088600000| PB 0x0000000088500000| Untracked 
| 134|0x0000000088600000, 0x0000000088700000, 0x0000000088700000|100%| O|  |TAMS 0x0000000088700000| PB 0x0000000088600000| Untracked 
| 135|0x0000000088700000, 0x0000000088800000, 0x0000000088800000|100%| O|  |TAMS 0x0000000088800000| PB 0x0000000088700000| Untracked 
| 136|0x0000000088800000, 0x0000000088900000, 0x0000000088900000|100%| O|  |TAMS 0x0000000088900000| PB 0x0000000088800000| Untracked 
| 137|0x0000000088900000, 0x0000000088a00000, 0x0000000088a00000|100%| O|  |TAMS 0x0000000088a00000| PB 0x0000000088900000| Untracked 
| 138|0x0000000088a00000, 0x0000000088b00000, 0x0000000088b00000|100%| O|  |TAMS 0x0000000088b00000| PB 0x0000000088a00000| Untracked 
| 139|0x0000000088b00000, 0x0000000088c00000, 0x0000000088c00000|100%| O|  |TAMS 0x0000000088c00000| PB 0x0000000088b00000| Untracked 
| 140|0x0000000088c00000, 0x0000000088d00000, 0x0000000088d00000|100%| O|  |TAMS 0x0000000088d00000| PB 0x0000000088c00000| Untracked 
| 141|0x0000000088d00000, 0x0000000088e00000, 0x0000000088e00000|100%| O|  |TAMS 0x0000000088e00000| PB 0x0000000088d00000| Untracked 
| 142|0x0000000088e00000, 0x0000000088f00000, 0x0000000088f00000|100%| O|  |TAMS 0x0000000088f00000| PB 0x0000000088e00000| Untracked 
| 143|0x0000000088f00000, 0x0000000089000000, 0x0000000089000000|100%| O|  |TAMS 0x0000000089000000| PB 0x0000000088f00000| Untracked 
| 144|0x0000000089000000, 0x0000000089100000, 0x0000000089100000|100%| O|  |TAMS 0x0000000089100000| PB 0x0000000089000000| Untracked 
| 145|0x0000000089100000, 0x0000000089200000, 0x0000000089200000|100%| O|  |TAMS 0x0000000089200000| PB 0x0000000089100000| Untracked 
| 146|0x0000000089200000, 0x0000000089300000, 0x0000000089300000|100%| O|  |TAMS 0x0000000089300000| PB 0x0000000089200000| Untracked 
| 147|0x0000000089300000, 0x0000000089400000, 0x0000000089400000|100%| O|  |TAMS 0x0000000089400000| PB 0x0000000089300000| Untracked 
| 148|0x0000000089400000, 0x0000000089500000, 0x0000000089500000|100%| O|  |TAMS 0x0000000089500000| PB 0x0000000089400000| Untracked 
| 149|0x0000000089500000, 0x0000000089600000, 0x0000000089600000|100%| O|  |TAMS 0x0000000089600000| PB 0x0000000089500000| Untracked 
| 150|0x0000000089600000, 0x0000000089700000, 0x0000000089700000|100%| O|  |TAMS 0x0000000089700000| PB 0x0000000089600000| Untracked 
| 151|0x0000000089700000, 0x0000000089800000, 0x0000000089800000|100%| O|  |TAMS 0x0000000089800000| PB 0x0000000089700000| Untracked 
| 152|0x0000000089800000, 0x0000000089900000, 0x0000000089900000|100%| O|  |TAMS 0x0000000089900000| PB 0x0000000089800000| Untracked 
| 153|0x0000000089900000, 0x0000000089a00000, 0x0000000089a00000|100%| O|  |TAMS 0x0000000089a00000| PB 0x0000000089900000| Untracked 
| 154|0x0000000089a00000, 0x0000000089b00000, 0x0000000089b00000|100%| O|  |TAMS 0x0000000089b00000| PB 0x0000000089a00000| Untracked 
| 155|0x0000000089b00000, 0x0000000089c00000, 0x0000000089c00000|100%| O|  |TAMS 0x0000000089c00000| PB 0x0000000089b00000| Untracked 
| 156|0x0000000089c00000, 0x0000000089d00000, 0x0000000089d00000|100%| O|  |TAMS 0x0000000089d00000| PB 0x0000000089c00000| Untracked 
| 157|0x0000000089d00000, 0x0000000089e00000, 0x0000000089e00000|100%| O|  |TAMS 0x0000000089e00000| PB 0x0000000089d00000| Untracked 
| 158|0x0000000089e00000, 0x0000000089f00000, 0x0000000089f00000|100%| O|  |TAMS 0x0000000089f00000| PB 0x0000000089e00000| Untracked 
| 159|0x0000000089f00000, 0x000000008a000000, 0x000000008a000000|100%| O|  |TAMS 0x000000008a000000| PB 0x0000000089f00000| Untracked 
| 160|0x000000008a000000, 0x000000008a100000, 0x000000008a100000|100%| O|  |TAMS 0x000000008a100000| PB 0x000000008a000000| Untracked 
| 161|0x000000008a100000, 0x000000008a200000, 0x000000008a200000|100%| O|  |TAMS 0x000000008a200000| PB 0x000000008a100000| Untracked 
| 162|0x000000008a200000, 0x000000008a300000, 0x000000008a300000|100%| O|  |TAMS 0x000000008a300000| PB 0x000000008a200000| Untracked 
| 163|0x000000008a300000, 0x000000008a400000, 0x000000008a400000|100%| O|  |TAMS 0x000000008a400000| PB 0x000000008a300000| Untracked 
| 164|0x000000008a400000, 0x000000008a500000, 0x000000008a500000|100%| O|  |TAMS 0x000000008a500000| PB 0x000000008a400000| Untracked 
| 165|0x000000008a500000, 0x000000008a600000, 0x000000008a600000|100%| O|  |TAMS 0x000000008a600000| PB 0x000000008a500000| Untracked 
| 166|0x000000008a600000, 0x000000008a700000, 0x000000008a700000|100%| O|  |TAMS 0x000000008a700000| PB 0x000000008a600000| Untracked 
| 167|0x000000008a700000, 0x000000008a800000, 0x000000008a800000|100%| O|  |TAMS 0x000000008a800000| PB 0x000000008a700000| Untracked 
| 168|0x000000008a800000, 0x000000008a900000, 0x000000008a900000|100%| O|  |TAMS 0x000000008a900000| PB 0x000000008a800000| Untracked 
| 169|0x000000008a900000, 0x000000008aa00000, 0x000000008aa00000|100%| O|  |TAMS 0x000000008aa00000| PB 0x000000008a900000| Untracked 
| 170|0x000000008aa00000, 0x000000008ab00000, 0x000000008ab00000|100%| O|  |TAMS 0x000000008ab00000| PB 0x000000008aa00000| Untracked 
| 171|0x000000008ab00000, 0x000000008ac00000, 0x000000008ac00000|100%| O|  |TAMS 0x000000008ac00000| PB 0x000000008ab00000| Untracked 
| 172|0x000000008ac00000, 0x000000008ad00000, 0x000000008ad00000|100%| O|  |TAMS 0x000000008ad00000| PB 0x000000008ac00000| Untracked 
| 173|0x000000008ad00000, 0x000000008ae00000, 0x000000008ae00000|100%| O|  |TAMS 0x000000008ae00000| PB 0x000000008ad00000| Untracked 
| 174|0x000000008ae00000, 0x000000008af00000, 0x000000008af00000|100%| O|  |TAMS 0x000000008af00000| PB 0x000000008ae00000| Untracked 
| 175|0x000000008af00000, 0x000000008b000000, 0x000000008b000000|100%| O|  |TAMS 0x000000008b000000| PB 0x000000008af00000| Untracked 
| 176|0x000000008b000000, 0x000000008b100000, 0x000000008b100000|100%| O|  |TAMS 0x000000008b100000| PB 0x000000008b000000| Untracked 
| 177|0x000000008b100000, 0x000000008b200000, 0x000000008b200000|100%| O|  |TAMS 0x000000008b200000| PB 0x000000008b100000| Untracked 
| 178|0x000000008b200000, 0x000000008b300000, 0x000000008b300000|100%| O|  |TAMS 0x000000008b300000| PB 0x000000008b200000| Untracked 
| 179|0x000000008b300000, 0x000000008b400000, 0x000000008b400000|100%| O|  |TAMS 0x000000008b400000| PB 0x000000008b300000| Untracked 
| 180|0x000000008b400000, 0x000000008b500000, 0x000000008b500000|100%| O|  |TAMS 0x000000008b500000| PB 0x000000008b400000| Untracked 
| 181|0x000000008b500000, 0x000000008b600000, 0x000000008b600000|100%| O|  |TAMS 0x000000008b600000| PB 0x000000008b500000| Untracked 
| 182|0x000000008b600000, 0x000000008b700000, 0x000000008b700000|100%| O|  |TAMS 0x000000008b700000| PB 0x000000008b600000| Untracked 
| 183|0x000000008b700000, 0x000000008b800000, 0x000000008b800000|100%| O|  |TAMS 0x000000008b800000| PB 0x000000008b700000| Untracked 
| 184|0x000000008b800000, 0x000000008b900000, 0x000000008b900000|100%| O|  |TAMS 0x000000008b900000| PB 0x000000008b800000| Untracked 
| 185|0x000000008b900000, 0x000000008ba00000, 0x000000008ba00000|100%| O|  |TAMS 0x000000008ba00000| PB 0x000000008b900000| Untracked 
| 186|0x000000008ba00000, 0x000000008bb00000, 0x000000008bb00000|100%| O|  |TAMS 0x000000008bb00000| PB 0x000000008ba00000| Untracked 
| 187|0x000000008bb00000, 0x000000008bc00000, 0x000000008bc00000|100%| O|  |TAMS 0x000000008bc00000| PB 0x000000008bb00000| Untracked 
| 188|0x000000008bc00000, 0x000000008bd00000, 0x000000008bd00000|100%|HS|  |TAMS 0x000000008bd00000| PB 0x000000008bc00000| Complete 
| 189|0x000000008bd00000, 0x000000008be00000, 0x000000008be00000|100%|HS|  |TAMS 0x000000008be00000| PB 0x000000008bd00000| Complete 
| 190|0x000000008be00000, 0x000000008bf00000, 0x000000008bf00000|100%|HS|  |TAMS 0x000000008bf00000| PB 0x000000008be00000| Complete 
| 191|0x000000008bf00000, 0x000000008c000000, 0x000000008c000000|100%|HC|  |TAMS 0x000000008c000000| PB 0x000000008bf00000| Complete 
| 192|0x000000008c000000, 0x000000008c100000, 0x000000008c100000|100%|HS|  |TAMS 0x000000008c100000| PB 0x000000008c000000| Complete 
| 193|0x000000008c100000, 0x000000008c200000, 0x000000008c200000|100%|HC|  |TAMS 0x000000008c200000| PB 0x000000008c100000| Complete 
| 194|0x000000008c200000, 0x000000008c300000, 0x000000008c300000|100%| O|  |TAMS 0x000000008c300000| PB 0x000000008c200000| Untracked 
| 195|0x000000008c300000, 0x000000008c400000, 0x000000008c400000|100%| O|  |TAMS 0x000000008c400000| PB 0x000000008c300000| Untracked 
| 196|0x000000008c400000, 0x000000008c500000, 0x000000008c500000|100%|HS|  |TAMS 0x000000008c400000| PB 0x000000008c400000| Complete 
| 197|0x000000008c500000, 0x000000008c600000, 0x000000008c600000|100%|HC|  |TAMS 0x000000008c500000| PB 0x000000008c500000| Complete 
| 198|0x000000008c600000, 0x000000008c700000, 0x000000008c700000|100%|HS|  |TAMS 0x000000008c600000| PB 0x000000008c600000| Complete 
| 199|0x000000008c700000, 0x000000008c800000, 0x000000008c800000|100%|HC|  |TAMS 0x000000008c700000| PB 0x000000008c700000| Complete 
| 200|0x000000008c800000, 0x000000008c900000, 0x000000008c900000|100%|HS|  |TAMS 0x000000008c800000| PB 0x000000008c800000| Complete 
| 201|0x000000008c900000, 0x000000008ca00000, 0x000000008ca00000|100%|HC|  |TAMS 0x000000008c900000| PB 0x000000008c900000| Complete 
| 202|0x000000008ca00000, 0x000000008cb00000, 0x000000008cb00000|100%| O|  |TAMS 0x000000008cb00000| PB 0x000000008ca00000| Untracked 
| 203|0x000000008cb00000, 0x000000008cc00000, 0x000000008cc00000|100%| O|  |TAMS 0x000000008cc00000| PB 0x000000008cb00000| Untracked 
| 204|0x000000008cc00000, 0x000000008cd00000, 0x000000008cd00000|100%| O|  |TAMS 0x000000008cd00000| PB 0x000000008cc00000| Untracked 
| 205|0x000000008cd00000, 0x000000008ce00000, 0x000000008ce00000|100%|HS|  |TAMS 0x000000008ce00000| PB 0x000000008cd00000| Complete 
| 206|0x000000008ce00000, 0x000000008cf00000, 0x000000008cf00000|100%|HS|  |TAMS 0x000000008ce00000| PB 0x000000008ce00000| Complete 
| 207|0x000000008cf00000, 0x000000008d000000, 0x000000008d000000|100%|HC|  |TAMS 0x000000008cf00000| PB 0x000000008cf00000| Complete 
| 208|0x000000008d000000, 0x000000008d000000, 0x000000008d100000|  0%| F|  |TAMS 0x000000008d000000| PB 0x000000008d000000| Untracked 
| 209|0x000000008d100000, 0x000000008d100000, 0x000000008d200000|  0%| F|  |TAMS 0x000000008d100000| PB 0x000000008d100000| Untracked 
| 210|0x000000008d200000, 0x000000008d300000, 0x000000008d300000|100%| O|  |TAMS 0x000000008d300000| PB 0x000000008d200000| Untracked 
| 211|0x000000008d300000, 0x000000008d400000, 0x000000008d400000|100%| O|  |TAMS 0x000000008d400000| PB 0x000000008d300000| Untracked 
| 212|0x000000008d400000, 0x000000008d500000, 0x000000008d500000|100%| O|  |TAMS 0x000000008d500000| PB 0x000000008d400000| Untracked 
| 213|0x000000008d500000, 0x000000008d500000, 0x000000008d600000|  0%| F|  |TAMS 0x000000008d500000| PB 0x000000008d500000| Untracked 
| 214|0x000000008d600000, 0x000000008d600000, 0x000000008d700000|  0%| F|  |TAMS 0x000000008d600000| PB 0x000000008d600000| Untracked 
| 215|0x000000008d700000, 0x000000008d700000, 0x000000008d800000|  0%| F|  |TAMS 0x000000008d700000| PB 0x000000008d700000| Untracked 
| 216|0x000000008d800000, 0x000000008d800000, 0x000000008d900000|  0%| F|  |TAMS 0x000000008d800000| PB 0x000000008d800000| Untracked 
| 217|0x000000008d900000, 0x000000008d900000, 0x000000008da00000|  0%| F|  |TAMS 0x000000008d900000| PB 0x000000008d900000| Untracked 
| 218|0x000000008da00000, 0x000000008da00000, 0x000000008db00000|  0%| F|  |TAMS 0x000000008da00000| PB 0x000000008da00000| Untracked 
| 219|0x000000008db00000, 0x000000008db00000, 0x000000008dc00000|  0%| F|  |TAMS 0x000000008db00000| PB 0x000000008db00000| Untracked 
| 220|0x000000008dc00000, 0x000000008dc00000, 0x000000008dd00000|  0%| F|  |TAMS 0x000000008dc00000| PB 0x000000008dc00000| Untracked 
| 221|0x000000008dd00000, 0x000000008de00000, 0x000000008de00000|100%| O|  |TAMS 0x000000008de00000| PB 0x000000008dd00000| Untracked 
| 222|0x000000008de00000, 0x000000008df00000, 0x000000008df00000|100%| O|  |TAMS 0x000000008df00000| PB 0x000000008de00000| Untracked 
| 223|0x000000008df00000, 0x000000008e000000, 0x000000008e000000|100%| O|  |TAMS 0x000000008e000000| PB 0x000000008df00000| Untracked 
| 224|0x000000008e000000, 0x000000008e100000, 0x000000008e100000|100%| O|  |TAMS 0x000000008e100000| PB 0x000000008e000000| Untracked 
| 225|0x000000008e100000, 0x000000008e100000, 0x000000008e200000|  0%| F|  |TAMS 0x000000008e100000| PB 0x000000008e100000| Untracked 
| 226|0x000000008e200000, 0x000000008e200000, 0x000000008e300000|  0%| F|  |TAMS 0x000000008e200000| PB 0x000000008e200000| Untracked 
| 227|0x000000008e300000, 0x000000008e300000, 0x000000008e400000|  0%| F|  |TAMS 0x000000008e300000| PB 0x000000008e300000| Untracked 
| 228|0x000000008e400000, 0x000000008e400000, 0x000000008e500000|  0%| F|  |TAMS 0x000000008e400000| PB 0x000000008e400000| Untracked 
| 229|0x000000008e500000, 0x000000008e500000, 0x000000008e600000|  0%| F|  |TAMS 0x000000008e500000| PB 0x000000008e500000| Untracked 
| 230|0x000000008e600000, 0x000000008e600000, 0x000000008e700000|  0%| F|  |TAMS 0x000000008e600000| PB 0x000000008e600000| Untracked 
| 231|0x000000008e700000, 0x000000008e700000, 0x000000008e800000|  0%| F|  |TAMS 0x000000008e700000| PB 0x000000008e700000| Untracked 
| 232|0x000000008e800000, 0x000000008e800000, 0x000000008e900000|  0%| F|  |TAMS 0x000000008e800000| PB 0x000000008e800000| Untracked 
| 233|0x000000008e900000, 0x000000008e900000, 0x000000008ea00000|  0%| F|  |TAMS 0x000000008e900000| PB 0x000000008e900000| Untracked 
| 234|0x000000008ea00000, 0x000000008ea00000, 0x000000008eb00000|  0%| F|  |TAMS 0x000000008ea00000| PB 0x000000008ea00000| Untracked 
| 235|0x000000008eb00000, 0x000000008eb00000, 0x000000008ec00000|  0%| F|  |TAMS 0x000000008eb00000| PB 0x000000008eb00000| Untracked 
| 236|0x000000008ec00000, 0x000000008ed00000, 0x000000008ed00000|100%| O|  |TAMS 0x000000008ed00000| PB 0x000000008ec00000| Untracked 
| 237|0x000000008ed00000, 0x000000008ee00000, 0x000000008ee00000|100%| O|  |TAMS 0x000000008ee00000| PB 0x000000008ed00000| Untracked 
| 238|0x000000008ee00000, 0x000000008ef00000, 0x000000008ef00000|100%| O|  |TAMS 0x000000008ef00000| PB 0x000000008ee00000| Untracked 
| 239|0x000000008ef00000, 0x000000008f000000, 0x000000008f000000|100%| O|  |TAMS 0x000000008f000000| PB 0x000000008ef00000| Untracked 
| 240|0x000000008f000000, 0x000000008f100000, 0x000000008f100000|100%| O|  |TAMS 0x000000008f100000| PB 0x000000008f000000| Untracked 
| 241|0x000000008f100000, 0x000000008f200000, 0x000000008f200000|100%| O|  |TAMS 0x000000008f200000| PB 0x000000008f100000| Untracked 
| 242|0x000000008f200000, 0x000000008f300000, 0x000000008f300000|100%| O|  |TAMS 0x000000008f300000| PB 0x000000008f200000| Untracked 
| 243|0x000000008f300000, 0x000000008f400000, 0x000000008f400000|100%| O|  |TAMS 0x000000008f400000| PB 0x000000008f300000| Untracked 
| 244|0x000000008f400000, 0x000000008f500000, 0x000000008f500000|100%| O|  |TAMS 0x000000008f500000| PB 0x000000008f400000| Untracked 
| 245|0x000000008f500000, 0x000000008f600000, 0x000000008f600000|100%| O|  |TAMS 0x000000008f600000| PB 0x000000008f500000| Untracked 
| 246|0x000000008f600000, 0x000000008f700000, 0x000000008f700000|100%| O|  |TAMS 0x000000008f700000| PB 0x000000008f600000| Untracked 
| 247|0x000000008f700000, 0x000000008f800000, 0x000000008f800000|100%| O|  |TAMS 0x000000008f800000| PB 0x000000008f700000| Untracked 
| 248|0x000000008f800000, 0x000000008f900000, 0x000000008f900000|100%| O|  |TAMS 0x000000008f900000| PB 0x000000008f800000| Untracked 
| 249|0x000000008f900000, 0x000000008fa00000, 0x000000008fa00000|100%| O|  |TAMS 0x000000008fa00000| PB 0x000000008f900000| Untracked 
| 250|0x000000008fa00000, 0x000000008fb00000, 0x000000008fb00000|100%| O|  |TAMS 0x000000008fb00000| PB 0x000000008fa00000| Untracked 
| 251|0x000000008fb00000, 0x000000008fc00000, 0x000000008fc00000|100%| O|  |TAMS 0x000000008fc00000| PB 0x000000008fb00000| Untracked 
| 252|0x000000008fc00000, 0x000000008fd00000, 0x000000008fd00000|100%| O|  |TAMS 0x000000008fd00000| PB 0x000000008fc00000| Untracked 
| 253|0x000000008fd00000, 0x000000008fe00000, 0x000000008fe00000|100%| O|  |TAMS 0x000000008fe00000| PB 0x000000008fd00000| Untracked 
| 254|0x000000008fe00000, 0x000000008ff00000, 0x000000008ff00000|100%| O|  |TAMS 0x000000008ff00000| PB 0x000000008fe00000| Untracked 
| 255|0x000000008ff00000, 0x0000000090000000, 0x0000000090000000|100%| O|  |TAMS 0x0000000090000000| PB 0x000000008ff00000| Untracked 
| 256|0x0000000090000000, 0x0000000090100000, 0x0000000090100000|100%| O|  |TAMS 0x0000000090100000| PB 0x0000000090000000| Untracked 
| 257|0x0000000090100000, 0x0000000090200000, 0x0000000090200000|100%| O|  |TAMS 0x0000000090200000| PB 0x0000000090100000| Untracked 
| 258|0x0000000090200000, 0x0000000090300000, 0x0000000090300000|100%| O|  |TAMS 0x0000000090300000| PB 0x0000000090200000| Untracked 
| 259|0x0000000090300000, 0x0000000090400000, 0x0000000090400000|100%| O|  |TAMS 0x0000000090400000| PB 0x0000000090300000| Untracked 
| 260|0x0000000090400000, 0x0000000090500000, 0x0000000090500000|100%| O|  |TAMS 0x0000000090500000| PB 0x0000000090400000| Untracked 
| 261|0x0000000090500000, 0x0000000090600000, 0x0000000090600000|100%| O|  |TAMS 0x0000000090600000| PB 0x0000000090500000| Untracked 
| 262|0x0000000090600000, 0x0000000090700000, 0x0000000090700000|100%| O|  |TAMS 0x0000000090700000| PB 0x0000000090600000| Untracked 
| 263|0x0000000090700000, 0x0000000090800000, 0x0000000090800000|100%| O|  |TAMS 0x0000000090800000| PB 0x0000000090700000| Untracked 
| 264|0x0000000090800000, 0x0000000090900000, 0x0000000090900000|100%| O|  |TAMS 0x0000000090900000| PB 0x0000000090800000| Untracked 
| 265|0x0000000090900000, 0x0000000090900000, 0x0000000090a00000|  0%| F|  |TAMS 0x0000000090900000| PB 0x0000000090900000| Untracked 
| 266|0x0000000090a00000, 0x0000000090b00000, 0x0000000090b00000|100%| O|  |TAMS 0x0000000090b00000| PB 0x0000000090a00000| Untracked 
| 267|0x0000000090b00000, 0x0000000090c00000, 0x0000000090c00000|100%| O|  |TAMS 0x0000000090c00000| PB 0x0000000090b00000| Untracked 
| 268|0x0000000090c00000, 0x0000000090c00000, 0x0000000090d00000|  0%| F|  |TAMS 0x0000000090c00000| PB 0x0000000090c00000| Untracked 
| 269|0x0000000090d00000, 0x0000000090d00000, 0x0000000090e00000|  0%| F|  |TAMS 0x0000000090d00000| PB 0x0000000090d00000| Untracked 
| 270|0x0000000090e00000, 0x0000000090e00000, 0x0000000090f00000|  0%| F|  |TAMS 0x0000000090e00000| PB 0x0000000090e00000| Untracked 
| 271|0x0000000090f00000, 0x0000000090f00000, 0x0000000091000000|  0%| F|  |TAMS 0x0000000090f00000| PB 0x0000000090f00000| Untracked 
| 272|0x0000000091000000, 0x0000000091000000, 0x0000000091100000|  0%| F|  |TAMS 0x0000000091000000| PB 0x0000000091000000| Untracked 
| 273|0x0000000091100000, 0x0000000091200000, 0x0000000091200000|100%| O|  |TAMS 0x0000000091200000| PB 0x0000000091100000| Untracked 
| 274|0x0000000091200000, 0x0000000091300000, 0x0000000091300000|100%| O|  |TAMS 0x0000000091300000| PB 0x0000000091200000| Untracked 
| 275|0x0000000091300000, 0x0000000091400000, 0x0000000091400000|100%| O|  |TAMS 0x0000000091400000| PB 0x0000000091300000| Untracked 
| 276|0x0000000091400000, 0x0000000091500000, 0x0000000091500000|100%| O|  |TAMS 0x0000000091500000| PB 0x0000000091400000| Untracked 
| 277|0x0000000091500000, 0x0000000091600000, 0x0000000091600000|100%| O|  |TAMS 0x0000000091600000| PB 0x0000000091500000| Untracked 
| 278|0x0000000091600000, 0x0000000091700000, 0x0000000091700000|100%| O|  |TAMS 0x0000000091700000| PB 0x0000000091600000| Untracked 
| 279|0x0000000091700000, 0x0000000091800000, 0x0000000091800000|100%| O|  |TAMS 0x0000000091800000| PB 0x0000000091700000| Untracked 
| 280|0x0000000091800000, 0x0000000091900000, 0x0000000091900000|100%| O|  |TAMS 0x0000000091900000| PB 0x0000000091800000| Untracked 
| 281|0x0000000091900000, 0x0000000091a00000, 0x0000000091a00000|100%| O|  |TAMS 0x0000000091a00000| PB 0x0000000091900000| Untracked 
| 282|0x0000000091a00000, 0x0000000091b00000, 0x0000000091b00000|100%| O|  |TAMS 0x0000000091b00000| PB 0x0000000091a00000| Untracked 
| 283|0x0000000091b00000, 0x0000000091c00000, 0x0000000091c00000|100%| O|  |TAMS 0x0000000091c00000| PB 0x0000000091b00000| Untracked 
| 284|0x0000000091c00000, 0x0000000091d00000, 0x0000000091d00000|100%| O|  |TAMS 0x0000000091d00000| PB 0x0000000091c00000| Untracked 
| 285|0x0000000091d00000, 0x0000000091e00000, 0x0000000091e00000|100%| O|  |TAMS 0x0000000091e00000| PB 0x0000000091d00000| Untracked 
| 286|0x0000000091e00000, 0x0000000091f00000, 0x0000000091f00000|100%| O|  |TAMS 0x0000000091f00000| PB 0x0000000091e00000| Untracked 
| 287|0x0000000091f00000, 0x0000000092000000, 0x0000000092000000|100%| O|  |TAMS 0x0000000092000000| PB 0x0000000091f00000| Untracked 
| 288|0x0000000092000000, 0x0000000092100000, 0x0000000092100000|100%| O|  |TAMS 0x0000000092100000| PB 0x0000000092000000| Untracked 
| 289|0x0000000092100000, 0x0000000092200000, 0x0000000092200000|100%| O|  |TAMS 0x0000000092200000| PB 0x0000000092100000| Untracked 
| 290|0x0000000092200000, 0x0000000092300000, 0x0000000092300000|100%| O|  |TAMS 0x0000000092300000| PB 0x0000000092200000| Untracked 
| 291|0x0000000092300000, 0x0000000092400000, 0x0000000092400000|100%| O|  |TAMS 0x0000000092400000| PB 0x0000000092300000| Untracked 
| 292|0x0000000092400000, 0x000000009244be00, 0x0000000092500000| 29%| O|  |TAMS 0x000000009244be00| PB 0x0000000092400000| Untracked 
| 293|0x0000000092500000, 0x0000000092500000, 0x0000000092600000|  0%| F|  |TAMS 0x0000000092500000| PB 0x0000000092500000| Untracked 
| 294|0x0000000092600000, 0x0000000092600000, 0x0000000092700000|  0%| F|  |TAMS 0x0000000092600000| PB 0x0000000092600000| Untracked 
| 295|0x0000000092700000, 0x0000000092700000, 0x0000000092800000|  0%| F|  |TAMS 0x0000000092700000| PB 0x0000000092700000| Untracked 
| 296|0x0000000092800000, 0x0000000092800000, 0x0000000092900000|  0%| F|  |TAMS 0x0000000092800000| PB 0x0000000092800000| Untracked 
| 297|0x0000000092900000, 0x0000000092900000, 0x0000000092a00000|  0%| F|  |TAMS 0x0000000092900000| PB 0x0000000092900000| Untracked 
| 298|0x0000000092a00000, 0x0000000092a00000, 0x0000000092b00000|  0%| F|  |TAMS 0x0000000092a00000| PB 0x0000000092a00000| Untracked 
| 299|0x0000000092b00000, 0x0000000092b00000, 0x0000000092c00000|  0%| F|  |TAMS 0x0000000092b00000| PB 0x0000000092b00000| Untracked 
| 300|0x0000000092c00000, 0x0000000092c00000, 0x0000000092d00000|  0%| F|  |TAMS 0x0000000092c00000| PB 0x0000000092c00000| Untracked 
| 301|0x0000000092d00000, 0x0000000092d00000, 0x0000000092e00000|  0%| F|  |TAMS 0x0000000092d00000| PB 0x0000000092d00000| Untracked 
| 302|0x0000000092e00000, 0x0000000092e00000, 0x0000000092f00000|  0%| F|  |TAMS 0x0000000092e00000| PB 0x0000000092e00000| Untracked 
| 303|0x0000000092f00000, 0x0000000092f00000, 0x0000000093000000|  0%| F|  |TAMS 0x0000000092f00000| PB 0x0000000092f00000| Untracked 
| 304|0x0000000093000000, 0x0000000093000000, 0x0000000093100000|  0%| F|  |TAMS 0x0000000093000000| PB 0x0000000093000000| Untracked 
| 305|0x0000000093100000, 0x0000000093100000, 0x0000000093200000|  0%| F|  |TAMS 0x0000000093100000| PB 0x0000000093100000| Untracked 
| 306|0x0000000093200000, 0x0000000093200000, 0x0000000093300000|  0%| F|  |TAMS 0x0000000093200000| PB 0x0000000093200000| Untracked 
| 307|0x0000000093300000, 0x0000000093300000, 0x0000000093400000|  0%| F|  |TAMS 0x0000000093300000| PB 0x0000000093300000| Untracked 
| 308|0x0000000093400000, 0x0000000093400000, 0x0000000093500000|  0%| F|  |TAMS 0x0000000093400000| PB 0x0000000093400000| Untracked 
| 309|0x0000000093500000, 0x0000000093500000, 0x0000000093600000|  0%| F|  |TAMS 0x0000000093500000| PB 0x0000000093500000| Untracked 
| 310|0x0000000093600000, 0x0000000093600000, 0x0000000093700000|  0%| F|  |TAMS 0x0000000093600000| PB 0x0000000093600000| Untracked 
| 311|0x0000000093700000, 0x0000000093700000, 0x0000000093800000|  0%| F|  |TAMS 0x0000000093700000| PB 0x0000000093700000| Untracked 
| 312|0x0000000093800000, 0x0000000093800000, 0x0000000093900000|  0%| F|  |TAMS 0x0000000093800000| PB 0x0000000093800000| Untracked 
| 313|0x0000000093900000, 0x0000000093900000, 0x0000000093a00000|  0%| F|  |TAMS 0x0000000093900000| PB 0x0000000093900000| Untracked 
| 314|0x0000000093a00000, 0x0000000093a00000, 0x0000000093b00000|  0%| F|  |TAMS 0x0000000093a00000| PB 0x0000000093a00000| Untracked 
| 315|0x0000000093b00000, 0x0000000093b00000, 0x0000000093c00000|  0%| F|  |TAMS 0x0000000093b00000| PB 0x0000000093b00000| Untracked 
| 316|0x0000000093c00000, 0x0000000093c00000, 0x0000000093d00000|  0%| F|  |TAMS 0x0000000093c00000| PB 0x0000000093c00000| Untracked 
| 317|0x0000000093d00000, 0x0000000093d00000, 0x0000000093e00000|  0%| F|  |TAMS 0x0000000093d00000| PB 0x0000000093d00000| Untracked 
| 318|0x0000000093e00000, 0x0000000093e00000, 0x0000000093f00000|  0%| F|  |TAMS 0x0000000093e00000| PB 0x0000000093e00000| Untracked 
| 319|0x0000000093f00000, 0x0000000093f00000, 0x0000000094000000|  0%| F|  |TAMS 0x0000000093f00000| PB 0x0000000093f00000| Untracked 
| 320|0x0000000094000000, 0x0000000094000000, 0x0000000094100000|  0%| F|  |TAMS 0x0000000094000000| PB 0x0000000094000000| Untracked 
| 321|0x0000000094100000, 0x0000000094100000, 0x0000000094200000|  0%| F|  |TAMS 0x0000000094100000| PB 0x0000000094100000| Untracked 
| 322|0x0000000094200000, 0x0000000094200000, 0x0000000094300000|  0%| F|  |TAMS 0x0000000094200000| PB 0x0000000094200000| Untracked 
| 323|0x0000000094300000, 0x0000000094300000, 0x0000000094400000|  0%| F|  |TAMS 0x0000000094300000| PB 0x0000000094300000| Untracked 
| 324|0x0000000094400000, 0x0000000094400000, 0x0000000094500000|  0%| F|  |TAMS 0x0000000094400000| PB 0x0000000094400000| Untracked 
| 325|0x0000000094500000, 0x0000000094500000, 0x0000000094600000|  0%| F|  |TAMS 0x0000000094500000| PB 0x0000000094500000| Untracked 
| 326|0x0000000094600000, 0x0000000094600000, 0x0000000094700000|  0%| F|  |TAMS 0x0000000094600000| PB 0x0000000094600000| Untracked 
| 327|0x0000000094700000, 0x0000000094700000, 0x0000000094800000|  0%| F|  |TAMS 0x0000000094700000| PB 0x0000000094700000| Untracked 
| 328|0x0000000094800000, 0x0000000094800000, 0x0000000094900000|  0%| F|  |TAMS 0x0000000094800000| PB 0x0000000094800000| Untracked 
| 329|0x0000000094900000, 0x0000000094900000, 0x0000000094a00000|  0%| F|  |TAMS 0x0000000094900000| PB 0x0000000094900000| Untracked 
| 330|0x0000000094a00000, 0x0000000094a00000, 0x0000000094b00000|  0%| F|  |TAMS 0x0000000094a00000| PB 0x0000000094a00000| Untracked 
| 331|0x0000000094b00000, 0x0000000094b00000, 0x0000000094c00000|  0%| F|  |TAMS 0x0000000094b00000| PB 0x0000000094b00000| Untracked 
| 332|0x0000000094c00000, 0x0000000094c00000, 0x0000000094d00000|  0%| F|  |TAMS 0x0000000094c00000| PB 0x0000000094c00000| Untracked 
| 333|0x0000000094d00000, 0x0000000094d00000, 0x0000000094e00000|  0%| F|  |TAMS 0x0000000094d00000| PB 0x0000000094d00000| Untracked 
| 334|0x0000000094e00000, 0x0000000094e00000, 0x0000000094f00000|  0%| F|  |TAMS 0x0000000094e00000| PB 0x0000000094e00000| Untracked 
| 335|0x0000000094f00000, 0x0000000094f00000, 0x0000000095000000|  0%| F|  |TAMS 0x0000000094f00000| PB 0x0000000094f00000| Untracked 
| 336|0x0000000095000000, 0x0000000095000000, 0x0000000095100000|  0%| F|  |TAMS 0x0000000095000000| PB 0x0000000095000000| Untracked 
| 337|0x0000000095100000, 0x0000000095100000, 0x0000000095200000|  0%| F|  |TAMS 0x0000000095100000| PB 0x0000000095100000| Untracked 
| 338|0x0000000095200000, 0x0000000095200000, 0x0000000095300000|  0%| F|  |TAMS 0x0000000095200000| PB 0x0000000095200000| Untracked 
| 339|0x0000000095300000, 0x0000000095300000, 0x0000000095400000|  0%| F|  |TAMS 0x0000000095300000| PB 0x0000000095300000| Untracked 
| 340|0x0000000095400000, 0x0000000095400000, 0x0000000095500000|  0%| F|  |TAMS 0x0000000095400000| PB 0x0000000095400000| Untracked 
| 341|0x0000000095500000, 0x0000000095500000, 0x0000000095600000|  0%| F|  |TAMS 0x0000000095500000| PB 0x0000000095500000| Untracked 
| 342|0x0000000095600000, 0x0000000095600000, 0x0000000095700000|  0%| F|  |TAMS 0x0000000095600000| PB 0x0000000095600000| Untracked 
| 343|0x0000000095700000, 0x0000000095700000, 0x0000000095800000|  0%| F|  |TAMS 0x0000000095700000| PB 0x0000000095700000| Untracked 
| 344|0x0000000095800000, 0x0000000095800000, 0x0000000095900000|  0%| F|  |TAMS 0x0000000095800000| PB 0x0000000095800000| Untracked 
| 345|0x0000000095900000, 0x0000000095900000, 0x0000000095a00000|  0%| F|  |TAMS 0x0000000095900000| PB 0x0000000095900000| Untracked 
| 346|0x0000000095a00000, 0x0000000095a00000, 0x0000000095b00000|  0%| F|  |TAMS 0x0000000095a00000| PB 0x0000000095a00000| Untracked 
| 347|0x0000000095b00000, 0x0000000095b00000, 0x0000000095c00000|  0%| F|  |TAMS 0x0000000095b00000| PB 0x0000000095b00000| Untracked 
| 348|0x0000000095c00000, 0x0000000095c00000, 0x0000000095d00000|  0%| F|  |TAMS 0x0000000095c00000| PB 0x0000000095c00000| Untracked 
| 349|0x0000000095d00000, 0x0000000095d00000, 0x0000000095e00000|  0%| F|  |TAMS 0x0000000095d00000| PB 0x0000000095d00000| Untracked 
| 350|0x0000000095e00000, 0x0000000095e00000, 0x0000000095f00000|  0%| F|  |TAMS 0x0000000095e00000| PB 0x0000000095e00000| Untracked 
| 351|0x0000000095f00000, 0x0000000095f00000, 0x0000000096000000|  0%| F|  |TAMS 0x0000000095f00000| PB 0x0000000095f00000| Untracked 
| 352|0x0000000096000000, 0x0000000096000000, 0x0000000096100000|  0%| F|  |TAMS 0x0000000096000000| PB 0x0000000096000000| Untracked 
| 353|0x0000000096100000, 0x0000000096100000, 0x0000000096200000|  0%| F|  |TAMS 0x0000000096100000| PB 0x0000000096100000| Untracked 
| 354|0x0000000096200000, 0x0000000096200000, 0x0000000096300000|  0%| F|  |TAMS 0x0000000096200000| PB 0x0000000096200000| Untracked 
| 355|0x0000000096300000, 0x0000000096300000, 0x0000000096400000|  0%| F|  |TAMS 0x0000000096300000| PB 0x0000000096300000| Untracked 
| 356|0x0000000096400000, 0x0000000096400000, 0x0000000096500000|  0%| F|  |TAMS 0x0000000096400000| PB 0x0000000096400000| Untracked 
| 357|0x0000000096500000, 0x0000000096500000, 0x0000000096600000|  0%| F|  |TAMS 0x0000000096500000| PB 0x0000000096500000| Untracked 
| 358|0x0000000096600000, 0x0000000096600000, 0x0000000096700000|  0%| F|  |TAMS 0x0000000096600000| PB 0x0000000096600000| Untracked 
| 359|0x0000000096700000, 0x0000000096700000, 0x0000000096800000|  0%| F|  |TAMS 0x0000000096700000| PB 0x0000000096700000| Untracked 
| 360|0x0000000096800000, 0x0000000096800000, 0x0000000096900000|  0%| F|  |TAMS 0x0000000096800000| PB 0x0000000096800000| Untracked 
| 361|0x0000000096900000, 0x0000000096900000, 0x0000000096a00000|  0%| F|  |TAMS 0x0000000096900000| PB 0x0000000096900000| Untracked 
| 362|0x0000000096a00000, 0x0000000096a00000, 0x0000000096b00000|  0%| F|  |TAMS 0x0000000096a00000| PB 0x0000000096a00000| Untracked 
| 363|0x0000000096b00000, 0x0000000096b00000, 0x0000000096c00000|  0%| F|  |TAMS 0x0000000096b00000| PB 0x0000000096b00000| Untracked 
| 364|0x0000000096c00000, 0x0000000096c00000, 0x0000000096d00000|  0%| F|  |TAMS 0x0000000096c00000| PB 0x0000000096c00000| Untracked 
| 365|0x0000000096d00000, 0x0000000096d00000, 0x0000000096e00000|  0%| F|  |TAMS 0x0000000096d00000| PB 0x0000000096d00000| Untracked 
| 366|0x0000000096e00000, 0x0000000096e00000, 0x0000000096f00000|  0%| F|  |TAMS 0x0000000096e00000| PB 0x0000000096e00000| Untracked 
| 367|0x0000000096f00000, 0x0000000096f00000, 0x0000000097000000|  0%| F|  |TAMS 0x0000000096f00000| PB 0x0000000096f00000| Untracked 
| 368|0x0000000097000000, 0x0000000097000000, 0x0000000097100000|  0%| F|  |TAMS 0x0000000097000000| PB 0x0000000097000000| Untracked 
| 369|0x0000000097100000, 0x0000000097100000, 0x0000000097200000|  0%| F|  |TAMS 0x0000000097100000| PB 0x0000000097100000| Untracked 
| 370|0x0000000097200000, 0x0000000097200000, 0x0000000097300000|  0%| F|  |TAMS 0x0000000097200000| PB 0x0000000097200000| Untracked 
| 371|0x0000000097300000, 0x0000000097300000, 0x0000000097400000|  0%| F|  |TAMS 0x0000000097300000| PB 0x0000000097300000| Untracked 
| 372|0x0000000097400000, 0x0000000097400000, 0x0000000097500000|  0%| F|  |TAMS 0x0000000097400000| PB 0x0000000097400000| Untracked 
| 373|0x0000000097500000, 0x0000000097500000, 0x0000000097600000|  0%| F|  |TAMS 0x0000000097500000| PB 0x0000000097500000| Untracked 
| 374|0x0000000097600000, 0x0000000097600000, 0x0000000097700000|  0%| F|  |TAMS 0x0000000097600000| PB 0x0000000097600000| Untracked 
| 375|0x0000000097700000, 0x0000000097700000, 0x0000000097800000|  0%| F|  |TAMS 0x0000000097700000| PB 0x0000000097700000| Untracked 
| 376|0x0000000097800000, 0x0000000097800000, 0x0000000097900000|  0%| F|  |TAMS 0x0000000097800000| PB 0x0000000097800000| Untracked 
| 377|0x0000000097900000, 0x0000000097900000, 0x0000000097a00000|  0%| F|  |TAMS 0x0000000097900000| PB 0x0000000097900000| Untracked 
| 378|0x0000000097a00000, 0x0000000097a00000, 0x0000000097b00000|  0%| F|  |TAMS 0x0000000097a00000| PB 0x0000000097a00000| Untracked 
| 379|0x0000000097b00000, 0x0000000097b00000, 0x0000000097c00000|  0%| F|  |TAMS 0x0000000097b00000| PB 0x0000000097b00000| Untracked 
| 380|0x0000000097c00000, 0x0000000097c00000, 0x0000000097d00000|  0%| F|  |TAMS 0x0000000097c00000| PB 0x0000000097c00000| Untracked 
| 381|0x0000000097d00000, 0x0000000097d00000, 0x0000000097e00000|  0%| F|  |TAMS 0x0000000097d00000| PB 0x0000000097d00000| Untracked 
| 382|0x0000000097e00000, 0x0000000097e00000, 0x0000000097f00000|  0%| F|  |TAMS 0x0000000097e00000| PB 0x0000000097e00000| Untracked 
| 383|0x0000000097f00000, 0x0000000097f00000, 0x0000000098000000|  0%| F|  |TAMS 0x0000000097f00000| PB 0x0000000097f00000| Untracked 
| 384|0x0000000098000000, 0x0000000098000000, 0x0000000098100000|  0%| F|  |TAMS 0x0000000098000000| PB 0x0000000098000000| Untracked 
| 385|0x0000000098100000, 0x0000000098100000, 0x0000000098200000|  0%| F|  |TAMS 0x0000000098100000| PB 0x0000000098100000| Untracked 
| 386|0x0000000098200000, 0x0000000098200000, 0x0000000098300000|  0%| F|  |TAMS 0x0000000098200000| PB 0x0000000098200000| Untracked 
| 387|0x0000000098300000, 0x0000000098300000, 0x0000000098400000|  0%| F|  |TAMS 0x0000000098300000| PB 0x0000000098300000| Untracked 
| 388|0x0000000098400000, 0x0000000098400000, 0x0000000098500000|  0%| F|  |TAMS 0x0000000098400000| PB 0x0000000098400000| Untracked 
| 389|0x0000000098500000, 0x0000000098500000, 0x0000000098600000|  0%| F|  |TAMS 0x0000000098500000| PB 0x0000000098500000| Untracked 
| 390|0x0000000098600000, 0x0000000098600000, 0x0000000098700000|  0%| F|  |TAMS 0x0000000098600000| PB 0x0000000098600000| Untracked 
| 391|0x0000000098700000, 0x0000000098700000, 0x0000000098800000|  0%| F|  |TAMS 0x0000000098700000| PB 0x0000000098700000| Untracked 
| 392|0x0000000098800000, 0x0000000098800000, 0x0000000098900000|  0%| F|  |TAMS 0x0000000098800000| PB 0x0000000098800000| Untracked 
| 393|0x0000000098900000, 0x0000000098900000, 0x0000000098a00000|  0%| F|  |TAMS 0x0000000098900000| PB 0x0000000098900000| Untracked 
| 394|0x0000000098a00000, 0x0000000098a00000, 0x0000000098b00000|  0%| F|  |TAMS 0x0000000098a00000| PB 0x0000000098a00000| Untracked 
| 395|0x0000000098b00000, 0x0000000098b00000, 0x0000000098c00000|  0%| F|  |TAMS 0x0000000098b00000| PB 0x0000000098b00000| Untracked 
| 396|0x0000000098c00000, 0x0000000098c00000, 0x0000000098d00000|  0%| F|  |TAMS 0x0000000098c00000| PB 0x0000000098c00000| Untracked 
| 397|0x0000000098d00000, 0x0000000098d00000, 0x0000000098e00000|  0%| F|  |TAMS 0x0000000098d00000| PB 0x0000000098d00000| Untracked 
| 398|0x0000000098e00000, 0x0000000098e00000, 0x0000000098f00000|  0%| F|  |TAMS 0x0000000098e00000| PB 0x0000000098e00000| Untracked 
| 399|0x0000000098f00000, 0x0000000098f00000, 0x0000000099000000|  0%| F|  |TAMS 0x0000000098f00000| PB 0x0000000098f00000| Untracked 
| 400|0x0000000099000000, 0x0000000099000000, 0x0000000099100000|  0%| F|  |TAMS 0x0000000099000000| PB 0x0000000099000000| Untracked 
| 401|0x0000000099100000, 0x0000000099100000, 0x0000000099200000|  0%| F|  |TAMS 0x0000000099100000| PB 0x0000000099100000| Untracked 
| 402|0x0000000099200000, 0x0000000099200000, 0x0000000099300000|  0%| F|  |TAMS 0x0000000099200000| PB 0x0000000099200000| Untracked 
| 403|0x0000000099300000, 0x0000000099300000, 0x0000000099400000|  0%| F|  |TAMS 0x0000000099300000| PB 0x0000000099300000| Untracked 
| 404|0x0000000099400000, 0x0000000099400000, 0x0000000099500000|  0%| F|  |TAMS 0x0000000099400000| PB 0x0000000099400000| Untracked 
| 405|0x0000000099500000, 0x0000000099500000, 0x0000000099600000|  0%| F|  |TAMS 0x0000000099500000| PB 0x0000000099500000| Untracked 
| 406|0x0000000099600000, 0x0000000099600000, 0x0000000099700000|  0%| F|  |TAMS 0x0000000099600000| PB 0x0000000099600000| Untracked 
| 407|0x0000000099700000, 0x0000000099700000, 0x0000000099800000|  0%| F|  |TAMS 0x0000000099700000| PB 0x0000000099700000| Untracked 
| 408|0x0000000099800000, 0x0000000099800000, 0x0000000099900000|  0%| F|  |TAMS 0x0000000099800000| PB 0x0000000099800000| Untracked 
| 409|0x0000000099900000, 0x0000000099900000, 0x0000000099a00000|  0%| F|  |TAMS 0x0000000099900000| PB 0x0000000099900000| Untracked 
| 410|0x0000000099a00000, 0x0000000099a00000, 0x0000000099b00000|  0%| F|  |TAMS 0x0000000099a00000| PB 0x0000000099a00000| Untracked 
| 411|0x0000000099b00000, 0x0000000099b00000, 0x0000000099c00000|  0%| F|  |TAMS 0x0000000099b00000| PB 0x0000000099b00000| Untracked 
| 412|0x0000000099c00000, 0x0000000099c00000, 0x0000000099d00000|  0%| F|  |TAMS 0x0000000099c00000| PB 0x0000000099c00000| Untracked 
| 413|0x0000000099d00000, 0x0000000099d00000, 0x0000000099e00000|  0%| F|  |TAMS 0x0000000099d00000| PB 0x0000000099d00000| Untracked 
| 414|0x0000000099e00000, 0x0000000099e00000, 0x0000000099f00000|  0%| F|  |TAMS 0x0000000099e00000| PB 0x0000000099e00000| Untracked 
| 415|0x0000000099f00000, 0x0000000099f00000, 0x000000009a000000|  0%| F|  |TAMS 0x0000000099f00000| PB 0x0000000099f00000| Untracked 
| 416|0x000000009a000000, 0x000000009a000000, 0x000000009a100000|  0%| F|  |TAMS 0x000000009a000000| PB 0x000000009a000000| Untracked 
| 417|0x000000009a100000, 0x000000009a100000, 0x000000009a200000|  0%| F|  |TAMS 0x000000009a100000| PB 0x000000009a100000| Untracked 
| 418|0x000000009a200000, 0x000000009a200000, 0x000000009a300000|  0%| F|  |TAMS 0x000000009a200000| PB 0x000000009a200000| Untracked 
| 419|0x000000009a300000, 0x000000009a400000, 0x000000009a400000|100%| S|CS|TAMS 0x000000009a300000| PB 0x000000009a300000| Complete 
| 420|0x000000009a400000, 0x000000009a500000, 0x000000009a500000|100%| S|CS|TAMS 0x000000009a400000| PB 0x000000009a400000| Complete 
| 421|0x000000009a500000, 0x000000009a500000, 0x000000009a600000|  0%| F|  |TAMS 0x000000009a500000| PB 0x000000009a500000| Untracked 
| 422|0x000000009a600000, 0x000000009a600000, 0x000000009a700000|  0%| F|  |TAMS 0x000000009a600000| PB 0x000000009a600000| Untracked 
| 423|0x000000009a700000, 0x000000009a700000, 0x000000009a800000|  0%| F|  |TAMS 0x000000009a700000| PB 0x000000009a700000| Untracked 
| 424|0x000000009a800000, 0x000000009a800000, 0x000000009a900000|  0%| F|  |TAMS 0x000000009a800000| PB 0x000000009a800000| Untracked 
| 425|0x000000009a900000, 0x000000009a900000, 0x000000009aa00000|  0%| F|  |TAMS 0x000000009a900000| PB 0x000000009a900000| Untracked 
| 426|0x000000009aa00000, 0x000000009aa00000, 0x000000009ab00000|  0%| F|  |TAMS 0x000000009aa00000| PB 0x000000009aa00000| Untracked 
| 427|0x000000009ab00000, 0x000000009ab00000, 0x000000009ac00000|  0%| F|  |TAMS 0x000000009ab00000| PB 0x000000009ab00000| Untracked 
| 428|0x000000009ac00000, 0x000000009ac00000, 0x000000009ad00000|  0%| F|  |TAMS 0x000000009ac00000| PB 0x000000009ac00000| Untracked 
| 429|0x000000009ad00000, 0x000000009ad00000, 0x000000009ae00000|  0%| F|  |TAMS 0x000000009ad00000| PB 0x000000009ad00000| Untracked 
| 430|0x000000009ae00000, 0x000000009ae00000, 0x000000009af00000|  0%| F|  |TAMS 0x000000009ae00000| PB 0x000000009ae00000| Untracked 
| 431|0x000000009af00000, 0x000000009af00000, 0x000000009b000000|  0%| F|  |TAMS 0x000000009af00000| PB 0x000000009af00000| Untracked 
| 432|0x000000009b000000, 0x000000009b000000, 0x000000009b100000|  0%| F|  |TAMS 0x000000009b000000| PB 0x000000009b000000| Untracked 
| 433|0x000000009b100000, 0x000000009b100000, 0x000000009b200000|  0%| F|  |TAMS 0x000000009b100000| PB 0x000000009b100000| Untracked 
| 434|0x000000009b200000, 0x000000009b200000, 0x000000009b300000|  0%| F|  |TAMS 0x000000009b200000| PB 0x000000009b200000| Untracked 
| 435|0x000000009b300000, 0x000000009b300000, 0x000000009b400000|  0%| F|  |TAMS 0x000000009b300000| PB 0x000000009b300000| Untracked 
| 436|0x000000009b400000, 0x000000009b400000, 0x000000009b500000|  0%| F|  |TAMS 0x000000009b400000| PB 0x000000009b400000| Untracked 
| 437|0x000000009b500000, 0x000000009b500000, 0x000000009b600000|  0%| F|  |TAMS 0x000000009b500000| PB 0x000000009b500000| Untracked 
| 438|0x000000009b600000, 0x000000009b600000, 0x000000009b700000|  0%| F|  |TAMS 0x000000009b600000| PB 0x000000009b600000| Untracked 
| 439|0x000000009b700000, 0x000000009b700000, 0x000000009b800000|  0%| F|  |TAMS 0x000000009b700000| PB 0x000000009b700000| Untracked 
| 440|0x000000009b800000, 0x000000009b800000, 0x000000009b900000|  0%| F|  |TAMS 0x000000009b800000| PB 0x000000009b800000| Untracked 
| 441|0x000000009b900000, 0x000000009b900000, 0x000000009ba00000|  0%| F|  |TAMS 0x000000009b900000| PB 0x000000009b900000| Untracked 
| 442|0x000000009ba00000, 0x000000009ba00000, 0x000000009bb00000|  0%| F|  |TAMS 0x000000009ba00000| PB 0x000000009ba00000| Untracked 
| 443|0x000000009bb00000, 0x000000009bb00000, 0x000000009bc00000|  0%| F|  |TAMS 0x000000009bb00000| PB 0x000000009bb00000| Untracked 
| 444|0x000000009bc00000, 0x000000009bc00000, 0x000000009bd00000|  0%| F|  |TAMS 0x000000009bc00000| PB 0x000000009bc00000| Untracked 
| 445|0x000000009bd00000, 0x000000009bd75118, 0x000000009be00000| 45%| E|  |TAMS 0x000000009bd00000| PB 0x000000009bd00000| Complete 
| 446|0x000000009be00000, 0x000000009bf00000, 0x000000009bf00000|100%| E|CS|TAMS 0x000000009be00000| PB 0x000000009be00000| Complete 
| 447|0x000000009bf00000, 0x000000009c000000, 0x000000009c000000|100%| E|CS|TAMS 0x000000009bf00000| PB 0x000000009bf00000| Complete 
| 448|0x000000009c000000, 0x000000009c100000, 0x000000009c100000|100%| E|CS|TAMS 0x000000009c000000| PB 0x000000009c000000| Complete 
| 449|0x000000009c100000, 0x000000009c200000, 0x000000009c200000|100%| E|CS|TAMS 0x000000009c100000| PB 0x000000009c100000| Complete 
| 450|0x000000009c200000, 0x000000009c300000, 0x000000009c300000|100%| E|CS|TAMS 0x000000009c200000| PB 0x000000009c200000| Complete 
| 451|0x000000009c300000, 0x000000009c400000, 0x000000009c400000|100%| E|CS|TAMS 0x000000009c300000| PB 0x000000009c300000| Complete 
| 452|0x000000009c400000, 0x000000009c500000, 0x000000009c500000|100%| E|CS|TAMS 0x000000009c400000| PB 0x000000009c400000| Complete 
| 453|0x000000009c500000, 0x000000009c600000, 0x000000009c600000|100%| E|CS|TAMS 0x000000009c500000| PB 0x000000009c500000| Complete 
| 454|0x000000009c600000, 0x000000009c700000, 0x000000009c700000|100%| E|CS|TAMS 0x000000009c600000| PB 0x000000009c600000| Complete 
| 455|0x000000009c700000, 0x000000009c800000, 0x000000009c800000|100%| E|CS|TAMS 0x000000009c700000| PB 0x000000009c700000| Complete 
| 456|0x000000009c800000, 0x000000009c900000, 0x000000009c900000|100%| E|CS|TAMS 0x000000009c800000| PB 0x000000009c800000| Complete 
| 457|0x000000009c900000, 0x000000009ca00000, 0x000000009ca00000|100%| E|CS|TAMS 0x000000009c900000| PB 0x000000009c900000| Complete 
| 458|0x000000009ca00000, 0x000000009cb00000, 0x000000009cb00000|100%| E|CS|TAMS 0x000000009ca00000| PB 0x000000009ca00000| Complete 
| 459|0x000000009cb00000, 0x000000009cc00000, 0x000000009cc00000|100%| E|CS|TAMS 0x000000009cb00000| PB 0x000000009cb00000| Complete 
| 496|0x000000009f000000, 0x000000009f100000, 0x000000009f100000|100%| E|CS|TAMS 0x000000009f000000| PB 0x000000009f000000| Complete 
| 497|0x000000009f100000, 0x000000009f200000, 0x000000009f200000|100%| E|CS|TAMS 0x000000009f100000| PB 0x000000009f100000| Complete 
| 498|0x000000009f200000, 0x000000009f300000, 0x000000009f300000|100%| E|CS|TAMS 0x000000009f200000| PB 0x000000009f200000| Complete 
| 499|0x000000009f300000, 0x000000009f400000, 0x000000009f400000|100%| E|CS|TAMS 0x000000009f300000| PB 0x000000009f300000| Complete 
| 500|0x000000009f400000, 0x000000009f500000, 0x000000009f500000|100%| E|CS|TAMS 0x000000009f400000| PB 0x000000009f400000| Complete 
| 510|0x000000009fe00000, 0x000000009ff00000, 0x000000009ff00000|100%| E|CS|TAMS 0x000000009fe00000| PB 0x000000009fe00000| Complete 
| 511|0x000000009ff00000, 0x00000000a0000000, 0x00000000a0000000|100%| E|CS|TAMS 0x000000009ff00000| PB 0x000000009ff00000| Complete 
|2024|0x00000000fe800000, 0x00000000fe900000, 0x00000000fe900000|100%| O|  |TAMS 0x00000000fe900000| PB 0x00000000fe800000| Untracked 
|2025|0x00000000fe900000, 0x00000000fea00000, 0x00000000fea00000|100%| O|  |TAMS 0x00000000fea00000| PB 0x00000000fe900000| Untracked 
|2026|0x00000000fea00000, 0x00000000feb00000, 0x00000000feb00000|100%| O|  |TAMS 0x00000000feb00000| PB 0x00000000fea00000| Untracked 
|2027|0x00000000feb00000, 0x00000000fec00000, 0x00000000fec00000|100%| O|  |TAMS 0x00000000fec00000| PB 0x00000000feb00000| Untracked 
|2028|0x00000000fec00000, 0x00000000fed00000, 0x00000000fed00000|100%| O|  |TAMS 0x00000000fed00000| PB 0x00000000fec00000| Untracked 
|2029|0x00000000fed00000, 0x00000000fee00000, 0x00000000fee00000|100%| O|  |TAMS 0x00000000fee00000| PB 0x00000000fed00000| Untracked 
|2030|0x00000000fee00000, 0x00000000fef00000, 0x00000000fef00000|100%| O|  |TAMS 0x00000000fef00000| PB 0x00000000fee00000| Untracked 
|2031|0x00000000fef00000, 0x00000000ff000000, 0x00000000ff000000|100%| O|  |TAMS 0x00000000ff000000| PB 0x00000000fef00000| Untracked 
|2032|0x00000000ff000000, 0x00000000ff100000, 0x00000000ff100000|100%| O|  |TAMS 0x00000000ff100000| PB 0x00000000ff000000| Untracked 
|2033|0x00000000ff100000, 0x00000000ff200000, 0x00000000ff200000|100%| O|  |TAMS 0x00000000ff200000| PB 0x00000000ff100000| Untracked 
|2034|0x00000000ff200000, 0x00000000ff300000, 0x00000000ff300000|100%| O|  |TAMS 0x00000000ff300000| PB 0x00000000ff200000| Untracked 
|2035|0x00000000ff300000, 0x00000000ff400000, 0x00000000ff400000|100%| O|  |TAMS 0x00000000ff400000| PB 0x00000000ff300000| Untracked 
|2036|0x00000000ff400000, 0x00000000ff500000, 0x00000000ff500000|100%| O|  |TAMS 0x00000000ff500000| PB 0x00000000ff400000| Untracked 
|2037|0x00000000ff500000, 0x00000000ff600000, 0x00000000ff600000|100%| O|  |TAMS 0x00000000ff600000| PB 0x00000000ff500000| Untracked 
|2038|0x00000000ff600000, 0x00000000ff700000, 0x00000000ff700000|100%| O|  |TAMS 0x00000000ff700000| PB 0x00000000ff600000| Untracked 
|2039|0x00000000ff700000, 0x00000000ff800000, 0x00000000ff800000|100%| O|  |TAMS 0x00000000ff800000| PB 0x00000000ff700000| Untracked 
|2040|0x00000000ff800000, 0x00000000ff900000, 0x00000000ff900000|100%| O|  |TAMS 0x00000000ff900000| PB 0x00000000ff800000| Untracked 
|2041|0x00000000ff900000, 0x00000000ffa00000, 0x00000000ffa00000|100%| O|  |TAMS 0x00000000ffa00000| PB 0x00000000ff900000| Untracked 
|2042|0x00000000ffa00000, 0x00000000ffb00000, 0x00000000ffb00000|100%| E|CS|TAMS 0x00000000ffa00000| PB 0x00000000ffa00000| Complete 
|2043|0x00000000ffb00000, 0x00000000ffc00000, 0x00000000ffc00000|100%| E|CS|TAMS 0x00000000ffb00000| PB 0x00000000ffb00000| Complete 
|2044|0x00000000ffc00000, 0x00000000ffd00000, 0x00000000ffd00000|100%| E|CS|TAMS 0x00000000ffc00000| PB 0x00000000ffc00000| Complete 
|2045|0x00000000ffd00000, 0x00000000ffe00000, 0x00000000ffe00000|100%| E|CS|TAMS 0x00000000ffd00000| PB 0x00000000ffd00000| Complete 
|2046|0x00000000ffe00000, 0x00000000fff00000, 0x00000000fff00000|100%| E|CS|TAMS 0x00000000ffe00000| PB 0x00000000ffe00000| Complete 
|2047|0x00000000fff00000, 0x0000000100000000, 0x0000000100000000|100%| O|  |TAMS 0x0000000100000000| PB 0x00000000fff00000| Untracked 

Card table byte_map: [0x000001d7f27f0000,0x000001d7f2bf0000] _byte_map_base: 0x000001d7f23f0000

Marking Bits: (CMBitMap*) 0x000001d7ea376a70
 Bits: [0x000001d7f2ff0000, 0x000001d7f4ff0000)

Polling page: 0x000001d7e9ae0000

Metaspace:

Usage:
  Non-class:    113.19 MB used.
      Class:     17.27 MB used.
       Both:    130.46 MB used.

Virtual space:
  Non-class space:      128.00 MB reserved,     114.62 MB ( 90%) committed,  2 nodes.
      Class space:      412.00 MB reserved,      18.62 MB (  5%) committed,  1 nodes.
             Both:      540.00 MB reserved,     133.25 MB ( 25%) committed. 

Chunk freelists:
   Non-Class:  1.20 MB
       Class:  1.23 MB
        Both:  2.43 MB

MaxMetaspaceSize: 512.00 MB
CompressedClassSpaceSize: 412.00 MB
Initial GC threshold: 21.00 MB
Current GC threshold: 209.00 MB
CDS: on
MetaspaceReclaimPolicy: balanced
 - commit_granule_bytes: 65536.
 - commit_granule_words: 8192.
 - virtual_space_node_default_size: 8388608.
 - enlarge_chunks_in_place: 1.
 - new_chunks_are_fully_committed: 0.
 - uncommit_free_chunks: 1.
 - use_allocation_guard: 0.


Internal statistics:

num_allocs_failed_limit: 9.
num_arena_births: 4762.
num_arena_deaths: 32.
num_vsnodes_births: 3.
num_vsnodes_deaths: 0.
num_space_committed: 2132.
num_space_uncommitted: 2.
num_chunks_returned_to_freelist: 116.
num_chunks_taken_from_freelist: 10951.
num_chunk_merges: 21.
num_chunk_splits: 7194.
num_chunks_enlarged: 4656.
num_inconsistent_stats: 0.

CodeHeap 'non-profiled nmethods': size=120000Kb used=14933Kb max_used=14933Kb free=105066Kb
 bounds [0x000001d787ad0000, 0x000001d788970000, 0x000001d78f000000]
CodeHeap 'profiled nmethods': size=120000Kb used=44093Kb max_used=44093Kb free=75906Kb
 bounds [0x000001d780000000, 0x000001d782b10000, 0x000001d787530000]
CodeHeap 'non-nmethods': size=5760Kb used=3038Kb max_used=3140Kb free=2721Kb
 bounds [0x000001d787530000, 0x000001d787850000, 0x000001d787ad0000]
 total_blobs=22293 nmethods=21241 adapters=959
 compilation: enabled
              stopped_count=0, restarted_count=0
 full_count=0

Compilation events (20 events):
Event: 73.443 Thread 0x000001d7f7626d70 25699       3       org.gradle.internal.snapshot.impl.DefaultValueSnapshotter$ValueSnapshotVisitor::hashCode (9 bytes)
Event: 73.443 Thread 0x000001d7f7626d70 nmethod 25699 0x000001d782aef090 code [0x000001d782aef240, 0x000001d782aef588]
Event: 73.446 Thread 0x000001d7f7626d70 25703       3       org.gradle.api.internal.artifacts.transform.TransformExecutionResult$Builder$EntireInputArtifact::resolveForInputArtifact (2 bytes)
Event: 73.446 Thread 0x000001d7f7626d70 nmethod 25703 0x000001d782aef710 code [0x000001d782aef8a0, 0x000001d782aef9b0]
Event: 73.447 Thread 0x000001d7f7626d70 25705       3       org.gradle.internal.fingerprint.impl.DefaultCurrentFileCollectionFingerprint::from (96 bytes)
Event: 73.449 Thread 0x000001d7f7626d70 nmethod 25705 0x000001d782aefa90 code [0x000001d782aefe60, 0x000001d782af1fd8]
Event: 73.449 Thread 0x000001d7f7626d70 25706   !   3       org.gradle.internal.execution.impl.DefaultInputFingerprinter$InputCollectingVisitor::visitInputFileProperty (135 bytes)
Event: 73.450 Thread 0x000001d7f7626d70 nmethod 25706 0x000001d782af2a10 code [0x000001d782af2d00, 0x000001d782af3e88]
Event: 73.452 Thread 0x000001d7f7626d70 25707       3       com.google.common.collect.ImmutableSortedMap::of (30 bytes)
Event: 73.453 Thread 0x000001d7f7626d70 nmethod 25707 0x000001d782af4790 code [0x000001d782af4a60, 0x000001d782af5da0]
Event: 73.489 Thread 0x000001d7f7626d70 25709       3       org.gradle.internal.execution.steps.ValidateStep::lambda$validateImplementations$2 (22 bytes)
Event: 73.489 Thread 0x000001d7f7626d70 nmethod 25709 0x000001d782af6490 code [0x000001d782af6640, 0x000001d782af6998]
Event: 73.496 Thread 0x000001d7f7626d70 25710 %     3       com.google.common.collect.MapMakerInternalMap$Segment::expand @ 185 (276 bytes)
Event: 73.503 Thread 0x000001d7f7626d70 nmethod 25710% 0x000001d782af6a90 code [0x000001d782af7220, 0x000001d782afc558]
Event: 73.503 Thread 0x000001d7f7626d70 25711       3       com.google.common.collect.MapMakerInternalMap$Segment::expand (276 bytes)
Event: 73.509 Thread 0x000001d7f7626d70 nmethod 25711 0x000001d782afe310 code [0x000001d782afeaa0, 0x000001d782b03b00]
Event: 73.549 Thread 0x000001d7f7626d70 25712       3       java.io.BufferedWriter::<init> (12 bytes)
Event: 73.549 Thread 0x000001d7f7626d70 nmethod 25712 0x000001d782b05810 code [0x000001d782b059c0, 0x000001d782b05e28]
Event: 73.567 Thread 0x000001d7f7626d70 25713       3       org.gradle.internal.snapshot.impl.SnapshotSerializer::read (6 bytes)
Event: 73.568 Thread 0x000001d7f7626d70 nmethod 25713 0x000001d782b05f90 code [0x000001d782b06120, 0x000001d782b06270]

GC Heap History (20 events):
Event: 51.742 GC heap before
{Heap before GC invocations=37 (full 0):
 garbage-first heap   total 471040K, used 424567K [0x0000000080000000, 0x0000000100000000)
  region size 1024K, 275 young (281600K), 21 survivors (21504K)
 Metaspace       used 106414K, committed 109056K, reserved 552960K
  class space    used 14731K, committed 16000K, reserved 421888K
}
Event: 51.759 GC heap after
{Heap after GC invocations=38 (full 0):
 garbage-first heap   total 471040K, used 163999K [0x0000000080000000, 0x0000000100000000)
  region size 1024K, 17 young (17408K), 17 survivors (17408K)
 Metaspace       used 106414K, committed 109056K, reserved 552960K
  class space    used 14731K, committed 16000K, reserved 421888K
}
Event: 54.581 GC heap before
{Heap before GC invocations=39 (full 0):
 garbage-first heap   total 471040K, used 428191K [0x0000000080000000, 0x0000000100000000)
  region size 1024K, 276 young (282624K), 17 survivors (17408K)
 Metaspace       used 114123K, committed 116864K, reserved 552960K
  class space    used 15777K, committed 17088K, reserved 421888K
}
Event: 54.609 GC heap after
{Heap after GC invocations=40 (full 0):
 garbage-first heap   total 471040K, used 174239K [0x0000000080000000, 0x0000000100000000)
  region size 1024K, 27 young (27648K), 27 survivors (27648K)
 Metaspace       used 114123K, committed 116864K, reserved 552960K
  class space    used 15777K, committed 17088K, reserved 421888K
}
Event: 56.072 GC heap before
{Heap before GC invocations=40 (full 0):
 garbage-first heap   total 471040K, used 419999K [0x0000000080000000, 0x0000000100000000)
  region size 1024K, 266 young (272384K), 27 survivors (27648K)
 Metaspace       used 115085K, committed 117888K, reserved 552960K
  class space    used 15877K, committed 17216K, reserved 421888K
}
Event: 56.119 GC heap after
{Heap after GC invocations=41 (full 0):
 garbage-first heap   total 475136K, used 198216K [0x0000000080000000, 0x0000000100000000)
  region size 1024K, 34 young (34816K), 34 survivors (34816K)
 Metaspace       used 115085K, committed 117888K, reserved 552960K
  class space    used 15877K, committed 17216K, reserved 421888K
}
Event: 56.601 GC heap before
{Heap before GC invocations=41 (full 0):
 garbage-first heap   total 475136K, used 258632K [0x0000000080000000, 0x0000000100000000)
  region size 1024K, 94 young (96256K), 34 survivors (34816K)
 Metaspace       used 115312K, committed 118080K, reserved 552960K
  class space    used 15904K, committed 17216K, reserved 421888K
}
Event: 56.638 GC heap after
{Heap after GC invocations=42 (full 0):
 garbage-first heap   total 475136K, used 204800K [0x0000000080000000, 0x0000000100000000)
  region size 1024K, 6 young (6144K), 6 survivors (6144K)
 Metaspace       used 115312K, committed 118080K, reserved 552960K
  class space    used 15904K, committed 17216K, reserved 421888K
}
Event: 59.623 GC heap before
{Heap before GC invocations=43 (full 0):
 garbage-first heap   total 475136K, used 441344K [0x0000000080000000, 0x0000000100000000)
  region size 1024K, 232 young (237568K), 6 survivors (6144K)
 Metaspace       used 120785K, committed 123584K, reserved 552960K
  class space    used 16591K, committed 17920K, reserved 421888K
}
Event: 59.661 GC heap after
{Heap after GC invocations=44 (full 0):
 garbage-first heap   total 478208K, used 240640K [0x0000000080000000, 0x0000000100000000)
  region size 1024K, 29 young (29696K), 29 survivors (29696K)
 Metaspace       used 120785K, committed 123584K, reserved 552960K
  class space    used 16591K, committed 17920K, reserved 421888K
}
Event: 62.210 GC heap before
{Heap before GC invocations=44 (full 0):
 garbage-first heap   total 478208K, used 431104K [0x0000000080000000, 0x0000000100000000)
  region size 1024K, 208 young (212992K), 29 survivors (29696K)
 Metaspace       used 125460K, committed 128320K, reserved 552960K
  class space    used 17058K, committed 18432K, reserved 421888K
}
Event: 62.248 GC heap after
{Heap after GC invocations=45 (full 0):
 garbage-first heap   total 478208K, used 250368K [0x0000000080000000, 0x0000000100000000)
  region size 1024K, 10 young (10240K), 10 survivors (10240K)
 Metaspace       used 125460K, committed 128320K, reserved 552960K
  class space    used 17058K, committed 18432K, reserved 421888K
}
Event: 62.679 GC heap before
{Heap before GC invocations=45 (full 0):
 garbage-first heap   total 478208K, used 286208K [0x0000000080000000, 0x0000000100000000)
  region size 1024K, 46 young (47104K), 10 survivors (10240K)
 Metaspace       used 125465K, committed 128384K, reserved 552960K
  class space    used 17058K, committed 18432K, reserved 421888K
}
Event: 62.689 GC heap after
{Heap after GC invocations=46 (full 0):
 garbage-first heap   total 478208K, used 251904K [0x0000000080000000, 0x0000000100000000)
  region size 1024K, 11 young (11264K), 11 survivors (11264K)
 Metaspace       used 125465K, committed 128384K, reserved 552960K
  class space    used 17058K, committed 18432K, reserved 421888K
}
Event: 67.788 GC heap before
{Heap before GC invocations=47 (full 0):
 garbage-first heap   total 478208K, used 457728K [0x0000000080000000, 0x0000000100000000)
  region size 1024K, 197 young (201728K), 11 survivors (11264K)
 Metaspace       used 127212K, committed 130112K, reserved 552960K
  class space    used 17099K, committed 18496K, reserved 421888K
}
Event: 67.839 GC heap after
{Heap after GC invocations=48 (full 0):
 garbage-first heap   total 502784K, used 283136K [0x0000000080000000, 0x0000000100000000)
  region size 1024K, 25 young (25600K), 25 survivors (25600K)
 Metaspace       used 127212K, committed 130112K, reserved 552960K
  class space    used 17099K, committed 18496K, reserved 421888K
}
Event: 70.185 GC heap before
{Heap before GC invocations=48 (full 0):
 garbage-first heap   total 502784K, used 464384K [0x0000000080000000, 0x0000000100000000)
  region size 1024K, 188 young (192512K), 25 survivors (25600K)
 Metaspace       used 132387K, committed 135232K, reserved 552960K
  class space    used 17527K, committed 18880K, reserved 421888K
}
Event: 70.215 GC heap after
{Heap after GC invocations=49 (full 0):
 garbage-first heap   total 502784K, used 288047K [0x0000000080000000, 0x0000000100000000)
  region size 1024K, 6 young (6144K), 6 survivors (6144K)
 Metaspace       used 132387K, committed 135232K, reserved 552960K
  class space    used 17527K, committed 18880K, reserved 421888K
}
Event: 73.068 GC heap before
{Heap before GC invocations=49 (full 0):
 garbage-first heap   total 502784K, used 338223K [0x0000000080000000, 0x0000000100000000)
  region size 1024K, 57 young (58368K), 6 survivors (6144K)
 Metaspace       used 133579K, committed 136448K, reserved 552960K
  class space    used 17686K, committed 19072K, reserved 421888K
}
Event: 73.073 GC heap after
{Heap after GC invocations=50 (full 0):
 garbage-first heap   total 502784K, used 283951K [0x0000000080000000, 0x0000000100000000)
  region size 1024K, 2 young (2048K), 2 survivors (2048K)
 Metaspace       used 133579K, committed 136448K, reserved 552960K
  class space    used 17686K, committed 19072K, reserved 421888K
}

Dll operation events (17 events):
Event: 0.018 Loaded shared library C:\Program Files\Java\jdk-20\bin\java.dll
Event: 0.034 Loaded shared library C:\Program Files\Java\jdk-20\bin\jsvml.dll
Event: 0.081 Loaded shared library C:\Program Files\Java\jdk-20\bin\zip.dll
Event: 0.087 Loaded shared library C:\Program Files\Java\jdk-20\bin\instrument.dll
Event: 0.089 Loaded shared library C:\Program Files\Java\jdk-20\bin\net.dll
Event: 0.091 Loaded shared library C:\Program Files\Java\jdk-20\bin\nio.dll
Event: 0.097 Loaded shared library C:\Program Files\Java\jdk-20\bin\zip.dll
Event: 0.284 Loaded shared library C:\Program Files\Java\jdk-20\bin\jimage.dll
Event: 0.340 Loaded shared library C:\Program Files\Java\jdk-20\bin\verify.dll
Event: 0.471 Loaded shared library C:\Users\Dell\.gradle\native\68d5fa5c4cc2d200863cafc0d521ce42e7d3e7ee720ec0a83991735586a16f82\windows-amd64\native-platform.dll
Event: 0.486 Loaded shared library C:\Users\Dell\.gradle\native\e376f236ea51e6404a007f0833ffe2c6e607c4080706a723a18a27aeea778392\windows-amd64\native-platform-file-events.dll
Event: 1.290 Loaded shared library C:\Program Files\Java\jdk-20\bin\management.dll
Event: 1.292 Loaded shared library C:\Program Files\Java\jdk-20\bin\management_ext.dll
Event: 1.479 Loaded shared library C:\Program Files\Java\jdk-20\bin\extnet.dll
Event: 1.625 Loaded shared library C:\Program Files\Java\jdk-20\bin\sunmscapi.dll
Event: 15.351 Loaded shared library C:\Users\Dell\AppData\Local\Temp\native-platform15369618542881307990dir\native-platform.dll
Event: 15.913 Loaded shared library C:\Program Files\Java\jdk-20\bin\rmi.dll

Deoptimization events (20 events):
Event: 73.061 Thread 0x000001d7fdf59720 Uncommon trap: trap_request=0xffffff76 fr.pc=0x000001d7886ff4dc relative=0x0000000000002b7c
Event: 73.061 Thread 0x000001d7fdf59720 Uncommon trap: reason=predicate action=maybe_recompile pc=0x000001d7886ff4dc method=org.gradle.internal.snapshot.impl.AbstractValueProcessor.processValue(Ljava/lang/Object;Lorg/gradle/internal/snapshot/impl/AbstractValueProcessor$ValueVisitor;)Ljava/lang/
Event: 73.062 Thread 0x000001d7fdf59720 DEOPT PACKING pc=0x000001d7886ff4dc sp=0x0000004cebbfb630
Event: 73.062 Thread 0x000001d7fdf59720 DEOPT UNPACKING pc=0x000001d787599d22 sp=0x0000004cebbfb640 mode 2
Event: 73.135 Thread 0x000001d7fd93cd60 Uncommon trap: trap_request=0xffffff45 fr.pc=0x000001d78808bf2c relative=0x000000000000040c
Event: 73.136 Thread 0x000001d7fd93cd60 Uncommon trap: reason=unstable_if action=reinterpret pc=0x000001d78808bf2c method=org.gradle.internal.io.StreamByteBuffer.allocateSpace()I @ 43 c2
Event: 73.136 Thread 0x000001d7fd93cd60 DEOPT PACKING pc=0x000001d78808bf2c sp=0x0000004cea6fe810
Event: 73.136 Thread 0x000001d7fd93cd60 DEOPT UNPACKING pc=0x000001d787599d22 sp=0x0000004cea6fe7c8 mode 2
Event: 73.138 Thread 0x000001d7fd93cd60 DEOPT PACKING pc=0x000001d7824d5f8f sp=0x0000004cea6fe800
Event: 73.139 Thread 0x000001d7fd93cd60 DEOPT UNPACKING pc=0x000001d78759a4c2 sp=0x0000004cea6fdcc8 mode 0
Event: 73.141 Thread 0x000001d7fd93cd60 DEOPT PACKING pc=0x000001d7824d5f8f sp=0x0000004cea6fe800
Event: 73.141 Thread 0x000001d7fd93cd60 DEOPT UNPACKING pc=0x000001d78759a4c2 sp=0x0000004cea6fdcc8 mode 0
Event: 73.143 Thread 0x000001d7fd93cd60 DEOPT PACKING pc=0x000001d7824d5f8f sp=0x0000004cea6fe800
Event: 73.143 Thread 0x000001d7fd93cd60 DEOPT UNPACKING pc=0x000001d78759a4c2 sp=0x0000004cea6fdcc8 mode 0
Event: 73.462 Thread 0x000001d7fd93cd60 DEOPT PACKING pc=0x000001d7824d5f8f sp=0x0000004cea6fe800
Event: 73.462 Thread 0x000001d7fd93cd60 DEOPT UNPACKING pc=0x000001d78759a4c2 sp=0x0000004cea6fdcc8 mode 0
Event: 73.465 Thread 0x000001d7fd93cd60 DEOPT PACKING pc=0x000001d7824d5f8f sp=0x0000004cea6fe800
Event: 73.465 Thread 0x000001d7fd93cd60 DEOPT UNPACKING pc=0x000001d78759a4c2 sp=0x0000004cea6fdcc8 mode 0
Event: 73.467 Thread 0x000001d7fd93cd60 DEOPT PACKING pc=0x000001d7824d5f8f sp=0x0000004cea6fe800
Event: 73.467 Thread 0x000001d7fd93cd60 DEOPT UNPACKING pc=0x000001d78759a4c2 sp=0x0000004cea6fdcc8 mode 0

Classes loaded (20 events):
Event: 69.715 Loading class com/sun/xml/internal/stream/util/ReadOnlyIterator
Event: 69.716 Loading class com/sun/xml/internal/stream/util/ReadOnlyIterator done
Event: 70.035 Loading class java/nio/file/FileChannelLinesSpliterator
Event: 70.035 Loading class java/nio/file/FileChannelLinesSpliterator done
Event: 70.036 Loading class java/util/stream/Streams$1
Event: 70.036 Loading class java/util/stream/Streams$1 done
Event: 70.045 Loading class java/nio/file/FileChannelLinesSpliterator$1
Event: 70.045 Loading class java/nio/file/FileChannelLinesSpliterator$1 done
Event: 70.450 Loading class java/util/TreeMap$DescendingSubMap
Event: 70.451 Loading class java/util/TreeMap$NavigableSubMap
Event: 70.452 Loading class java/util/TreeMap$NavigableSubMap done
Event: 70.452 Loading class java/util/TreeMap$DescendingSubMap done
Event: 70.452 Loading class java/util/TreeMap$DescendingSubMap$DescendingEntrySetView
Event: 70.452 Loading class java/util/TreeMap$NavigableSubMap$EntrySetView
Event: 70.452 Loading class java/util/TreeMap$NavigableSubMap$EntrySetView done
Event: 70.452 Loading class java/util/TreeMap$DescendingSubMap$DescendingEntrySetView done
Event: 70.452 Loading class java/util/TreeMap$NavigableSubMap$DescendingSubMapEntryIterator
Event: 70.453 Loading class java/util/TreeMap$NavigableSubMap$SubMapIterator
Event: 70.453 Loading class java/util/TreeMap$NavigableSubMap$SubMapIterator done
Event: 70.453 Loading class java/util/TreeMap$NavigableSubMap$DescendingSubMapEntryIterator done

Classes unloaded (20 events):
Event: 63.328 Thread 0x000001d7f7513e90 Unloading class 0x000001d790f1ef80 '_BuildScript_$_run_closure4$_closure45$_closure58'
Event: 63.328 Thread 0x000001d7f7513e90 Unloading class 0x000001d790f1eba0 '_BuildScript_$_run_closure4$_closure45$_closure57$_closure59$_closure60'
Event: 63.328 Thread 0x000001d7f7513e90 Unloading class 0x000001d790f1e7c0 '_BuildScript_$_run_closure4$_closure45$_closure57$_closure59'
Event: 63.328 Thread 0x000001d7f7513e90 Unloading class 0x000001d790f1e3e0 '_BuildScript_$_run_closure4$_closure45$_closure57'
Event: 63.328 Thread 0x000001d7f7513e90 Unloading class 0x000001d790f1e000 '_BuildScript_$_run_closure4$_closure45'
Event: 63.328 Thread 0x000001d7f7513e90 Unloading class 0x000001d790f9bb20 '_BuildScript_$_run_closure4$_closure44$_closure56'
Event: 63.328 Thread 0x000001d7f7513e90 Unloading class 0x000001d790f9b740 '_BuildScript_$_run_closure4$_closure44'
Event: 63.328 Thread 0x000001d7f7513e90 Unloading class 0x000001d790f9b360 '_BuildScript_$_run_closure4$_closure43$_closure54$_closure55'
Event: 63.328 Thread 0x000001d7f7513e90 Unloading class 0x000001d790f9af80 '_BuildScript_$_run_closure4$_closure43$_closure54'
Event: 63.328 Thread 0x000001d7f7513e90 Unloading class 0x000001d790f9aba0 '_BuildScript_$_run_closure4$_closure43'
Event: 63.328 Thread 0x000001d7f7513e90 Unloading class 0x000001d790f9a7c0 '_BuildScript_$_run_closure4$_closure42$_closure53'
Event: 63.328 Thread 0x000001d7f7513e90 Unloading class 0x000001d790f9a3e0 '_BuildScript_$_run_closure4$_closure42'
Event: 63.328 Thread 0x000001d7f7513e90 Unloading class 0x000001d790f9a000 '_BuildScript_$_run_closure4$_closure41'
Event: 63.328 Thread 0x000001d7f7513e90 Unloading class 0x000001d790f9cba0 '_BuildScript_$_run_closure4'
Event: 63.328 Thread 0x000001d7f7513e90 Unloading class 0x000001d790f9c7c0 '_BuildScript_$_run_closure3'
Event: 63.328 Thread 0x000001d7f7513e90 Unloading class 0x000001d790f9c3e0 '_BuildScript_$_run_closure2$_closure40'
Event: 63.328 Thread 0x000001d7f7513e90 Unloading class 0x000001d790f9c000 '_BuildScript_$_run_closure2$_closure39'
Event: 63.328 Thread 0x000001d7f7513e90 Unloading class 0x000001d790f92be0 '_BuildScript_$_run_closure2'
Event: 63.328 Thread 0x000001d7f7513e90 Unloading class 0x000001d790f92800 '_BuildScript_$_run_closure1'
Event: 63.328 Thread 0x000001d7f7513e90 Unloading class 0x000001d790f97800 '_BuildScript_'

Classes redefined (0 events):
No events

Internal exceptions (20 events):
Event: 72.956 Thread 0x000001d7fdf5a710 Exception <a 'sun/nio/fs/WindowsException'{0x000000009aba6c48}> (0x000000009aba6c48) 
thrown [s\open\src\hotspot\share\prims\jni.cpp, line 519]
Event: 72.956 Thread 0x000001d7fdf5a710 Exception <a 'sun/nio/fs/WindowsException'{0x000000009aba6dc8}> (0x000000009aba6dc8) 
thrown [s\open\src\hotspot\share\prims\jni.cpp, line 519]
Event: 72.960 Thread 0x000001d7fdf5a710 Exception <a 'sun/nio/fs/WindowsException'{0x000000009abb72b0}> (0x000000009abb72b0) 
thrown [s\open\src\hotspot\share\prims\jni.cpp, line 519]
Event: 72.960 Thread 0x000001d7fdf5a710 Exception <a 'sun/nio/fs/WindowsException'{0x000000009abb92d8}> (0x000000009abb92d8) 
thrown [s\open\src\hotspot\share\prims\jni.cpp, line 519]
Event: 72.960 Thread 0x000001d7fdf5a710 Exception <a 'sun/nio/fs/WindowsException'{0x000000009abccc80}> (0x000000009abccc80) 
thrown [s\open\src\hotspot\share\prims\jni.cpp, line 519]
Event: 72.961 Thread 0x000001d7fdf5a710 Exception <a 'sun/nio/fs/WindowsException'{0x000000009abcea80}> (0x000000009abcea80) 
thrown [s\open\src\hotspot\share\prims\jni.cpp, line 519]
Event: 72.969 Thread 0x000001d7fdf5a710 Exception <a 'sun/nio/fs/WindowsException'{0x000000009abfeac8}> (0x000000009abfeac8) 
thrown [s\open\src\hotspot\share\prims\jni.cpp, line 519]
Event: 72.969 Thread 0x000001d7fdf5a710 Exception <a 'sun/nio/fs/WindowsException'{0x000000009abff9b0}> (0x000000009abff9b0) 
thrown [s\open\src\hotspot\share\prims\jni.cpp, line 519]
Event: 72.969 Thread 0x000001d7fdf5a710 Exception <a 'sun/nio/fs/WindowsException'{0x000000009abffb38}> (0x000000009abffb38) 
thrown [s\open\src\hotspot\share\prims\jni.cpp, line 519]
Event: 72.969 Thread 0x000001d7fdf5a710 Exception <a 'sun/nio/fs/WindowsException'{0x000000009aa01220}> (0x000000009aa01220) 
thrown [s\open\src\hotspot\share\prims\jni.cpp, line 519]
Event: 72.969 Thread 0x000001d7fdf5a710 Exception <a 'sun/nio/fs/WindowsException'{0x000000009aa02148}> (0x000000009aa02148) 
thrown [s\open\src\hotspot\share\prims\jni.cpp, line 519]
Event: 72.969 Thread 0x000001d7fdf5a710 Exception <a 'sun/nio/fs/WindowsException'{0x000000009aa02310}> (0x000000009aa02310) 
thrown [s\open\src\hotspot\share\prims\jni.cpp, line 519]
Event: 72.969 Thread 0x000001d7fdf5a710 Exception <a 'sun/nio/fs/WindowsException'{0x000000009aa033f0}> (0x000000009aa033f0) 
thrown [s\open\src\hotspot\share\prims\jni.cpp, line 519]
Event: 72.969 Thread 0x000001d7fdf5a710 Exception <a 'sun/nio/fs/WindowsException'{0x000000009aa042c8}> (0x000000009aa042c8) 
thrown [s\open\src\hotspot\share\prims\jni.cpp, line 519]
Event: 72.969 Thread 0x000001d7fdf5a710 Exception <a 'sun/nio/fs/WindowsException'{0x000000009aa04440}> (0x000000009aa04440) 
thrown [s\open\src\hotspot\share\prims\jni.cpp, line 519]
Event: 72.991 Thread 0x000001d7fdf5a1c0 Exception <a 'sun/nio/fs/WindowsException'{0x000000009ac5d0d8}> (0x000000009ac5d0d8) 
thrown [s\open\src\hotspot\share\prims\jni.cpp, line 519]
Event: 73.038 Thread 0x000001d7fdf5a710 Exception <a 'sun/nio/fs/WindowsException'{0x000000009aab2000}> (0x000000009aab2000) 
thrown [s\open\src\hotspot\share\prims\jni.cpp, line 519]
Event: 73.046 Thread 0x000001d7fdf5a710 Exception <a 'sun/nio/fs/WindowsException'{0x000000009a718e08}> (0x000000009a718e08) 
thrown [s\open\src\hotspot\share\prims\jni.cpp, line 519]
Event: 73.047 Thread 0x000001d7fdf5a710 Exception <a 'sun/nio/fs/WindowsException'{0x000000009a719d28}> (0x000000009a719d28) 
thrown [s\open\src\hotspot\share\prims\jni.cpp, line 519]
Event: 73.047 Thread 0x000001d7fdf5a710 Exception <a 'sun/nio/fs/WindowsException'{0x000000009a719ee8}> (0x000000009a719ee8) 
thrown [s\open\src\hotspot\share\prims\jni.cpp, line 519]

VM Operations (20 events):
Event: 70.349 Executing VM operation: HandshakeAllThreads
Event: 70.349 Executing VM operation: HandshakeAllThreads done
Event: 70.385 Executing VM operation: HandshakeAllThreads
Event: 70.392 Executing VM operation: HandshakeAllThreads done
Event: 70.411 Executing VM operation: HandshakeAllThreads
Event: 70.412 Executing VM operation: HandshakeAllThreads done
Event: 71.412 Executing VM operation: Cleanup
Event: 71.412 Executing VM operation: Cleanup done
Event: 72.413 Executing VM operation: Cleanup
Event: 72.413 Executing VM operation: Cleanup done
Event: 73.014 Executing VM operation: HandshakeAllThreads
Event: 73.014 Executing VM operation: HandshakeAllThreads done
Event: 73.018 Executing VM operation: HandshakeAllThreads
Event: 73.019 Executing VM operation: HandshakeAllThreads done
Event: 73.022 Executing VM operation: HandshakeAllThreads
Event: 73.023 Executing VM operation: HandshakeAllThreads done
Event: 73.048 Executing VM operation: ICBufferFull
Event: 73.048 Executing VM operation: ICBufferFull done
Event: 73.068 Executing VM operation: G1TryInitiateConcMark
Event: 73.087 Executing VM operation: G1TryInitiateConcMark done

Events (20 events):
Event: 63.353 Thread 0x000001d7f7513e90 flushing nmethod 0x000001d787b24a10
Event: 63.353 Thread 0x000001d7f7513e90 flushing nmethod 0x000001d787b24710
Event: 63.353 Thread 0x000001d7f7513e90 flushing nmethod 0x000001d787b1f910
Event: 63.353 Thread 0x000001d7f7513e90 flushing nmethod 0x000001d787b1c910
Event: 63.353 Thread 0x000001d7f7513e90 flushing nmethod 0x000001d787b17290
Event: 63.353 Thread 0x000001d7f7513e90 flushing nmethod 0x000001d787afe090
Event: 63.353 Thread 0x000001d7f7513e90 flushing nmethod 0x000001d787afdd90
Event: 63.353 Thread 0x000001d7f7513e90 flushing nmethod 0x000001d787af4d90
Event: 63.353 Thread 0x000001d7f7513e90 flushing nmethod 0x000001d787af2a90
Event: 63.353 Thread 0x000001d7f7513e90 flushing nmethod 0x000001d787aeee10
Event: 63.353 Thread 0x000001d7f7513e90 flushing nmethod 0x000001d787ad9d10
Event: 63.353 Thread 0x000001d7f7513e90 flushing nmethod 0x000001d787ad9390
Event: 63.353 Thread 0x000001d7f7513e90 flushing nmethod 0x000001d787adb790
Event: 63.353 Thread 0x000001d7f7513e90 flushing nmethod 0x000001d787ad8110
Event: 63.736 Thread 0x000001d7a9f94190 Thread exited: 0x000001d7a9f94190
Event: 63.811 Thread 0x000001d7fde78dc0 Thread added: 0x000001d7fde78dc0
Event: 71.248 Thread 0x000001d7fde78dc0 Thread exited: 0x000001d7fde78dc0
Event: 71.591 Thread 0x000001d7ac5e34d0 Thread added: 0x000001d7ac5e34d0
Event: 72.223 Thread 0x000001d7ac5e34d0 Thread exited: 0x000001d7ac5e34d0
Event: 72.835 Thread 0x000001d7ac5e02c0 Thread added: 0x000001d7ac5e02c0


Dynamic libraries:
0x00007ff711aa0000 - 0x00007ff711ab0000 	C:\Program Files\Java\jdk-20\bin\java.exe
0x00007ffd068e0000 - 0x00007ffd06ae9000 	C:\Windows\SYSTEM32\ntdll.dll
0x00007ffd05c70000 - 0x00007ffd05d2d000 	C:\Windows\System32\KERNEL32.DLL
0x00007ffd040e0000 - 0x00007ffd04464000 	C:\Windows\System32\KERNELBASE.dll
0x00007ffd03d70000 - 0x00007ffd03e81000 	C:\Windows\System32\ucrtbase.dll
0x00007ffca0c90000 - 0x00007ffca0cab000 	C:\Program Files\Java\jdk-20\bin\VCRUNTIME140.dll
0x00007ffce17c0000 - 0x00007ffce17d9000 	C:\Program Files\Java\jdk-20\bin\jli.dll
0x00007ffd05500000 - 0x00007ffd055ae000 	C:\Windows\System32\ADVAPI32.dll
0x00007ffd05860000 - 0x00007ffd05903000 	C:\Windows\System32\msvcrt.dll
0x00007ffd05ac0000 - 0x00007ffd05b5e000 	C:\Windows\System32\sechost.dll
0x00007ffd05e90000 - 0x00007ffd05fb1000 	C:\Windows\System32\RPCRT4.dll
0x00007ffd05910000 - 0x00007ffd05abd000 	C:\Windows\System32\USER32.dll
0x00007ffd02f70000 - 0x00007ffd03215000 	C:\Windows\WinSxS\amd64_microsoft.windows.common-controls_6595b64144ccf1df_6.0.22000.120_none_9d947278b86cc467\COMCTL32.dll
0x00007ffd04680000 - 0x00007ffd046a6000 	C:\Windows\System32\win32u.dll
0x00007ffd05650000 - 0x00007ffd0567a000 	C:\Windows\System32\GDI32.dll
0x00007ffd03e90000 - 0x00007ffd03fae000 	C:\Windows\System32\gdi32full.dll
0x00007ffd045e0000 - 0x00007ffd0467d000 	C:\Windows\System32\msvcp_win.dll
0x00007ffcfb260000 - 0x00007ffcfb26a000 	C:\Windows\SYSTEM32\VERSION.dll
0x00007ffd056f0000 - 0x00007ffd05721000 	C:\Windows\System32\IMM32.DLL
0x00007ffcfc810000 - 0x00007ffcfc81c000 	C:\Program Files\Java\jdk-20\bin\vcruntime140_1.dll
0x00007ffc8daf0000 - 0x00007ffc8db7e000 	C:\Program Files\Java\jdk-20\bin\msvcp140.dll
0x00007ffc8ce50000 - 0x00007ffc8dae8000 	C:\Program Files\Java\jdk-20\bin\server\jvm.dll
0x00007ffce3c40000 - 0x00007ffce3c49000 	C:\Windows\SYSTEM32\WSOCK32.dll
0x00007ffcfd520000 - 0x00007ffcfd553000 	C:\Windows\SYSTEM32\WINMM.dll
0x00007ffd052f0000 - 0x00007ffd0535f000 	C:\Windows\System32\WS2_32.dll
0x00007ffd01f60000 - 0x00007ffd01f78000 	C:\Windows\SYSTEM32\kernel.appcore.dll
0x00007ffcde1a0000 - 0x00007ffcde1aa000 	C:\Program Files\Java\jdk-20\bin\jimage.dll
0x00007ffd03610000 - 0x00007ffd03831000 	C:\Windows\SYSTEM32\DBGHELP.DLL
0x00007ffd03350000 - 0x00007ffd03381000 	C:\Windows\SYSTEM32\dbgcore.DLL
0x00007ffd046b0000 - 0x00007ffd0472f000 	C:\Windows\System32\bcryptPrimitives.dll
0x00007ffcf2db0000 - 0x00007ffcf2dbe000 	C:\Program Files\Java\jdk-20\bin\instrument.dll
0x00007ffc8cbc0000 - 0x00007ffc8cbe6000 	C:\Program Files\Java\jdk-20\bin\java.dll
0x00007ffc8cd40000 - 0x00007ffc8ce17000 	C:\Program Files\Java\jdk-20\bin\jsvml.dll
0x00007ffd04730000 - 0x00007ffd04ef5000 	C:\Windows\System32\SHELL32.dll
0x00007ffd00fc0000 - 0x00007ffd01822000 	C:\Windows\SYSTEM32\windows.storage.dll
0x00007ffd04f00000 - 0x00007ffd05276000 	C:\Windows\System32\combase.dll
0x00007ffd00e50000 - 0x00007ffd00fb7000 	C:\Windows\SYSTEM32\wintypes.dll
0x00007ffd05b60000 - 0x00007ffd05c4a000 	C:\Windows\System32\SHCORE.dll
0x00007ffd05e20000 - 0x00007ffd05e7d000 	C:\Windows\System32\shlwapi.dll
0x00007ffd03ca0000 - 0x00007ffd03cc5000 	C:\Windows\SYSTEM32\profapi.dll
0x00007ffc8cce0000 - 0x00007ffc8ccf8000 	C:\Program Files\Java\jdk-20\bin\zip.dll
0x00007ffc8cd20000 - 0x00007ffc8cd33000 	C:\Program Files\Java\jdk-20\bin\net.dll
0x00007ffcfe290000 - 0x00007ffcfe3a4000 	C:\Windows\SYSTEM32\WINHTTP.dll
0x00007ffd02b80000 - 0x00007ffd02be7000 	C:\Windows\system32\mswsock.dll
0x00007ffc8cd00000 - 0x00007ffc8cd16000 	C:\Program Files\Java\jdk-20\bin\nio.dll
0x00007ffcf2df0000 - 0x00007ffcf2e00000 	C:\Program Files\Java\jdk-20\bin\verify.dll
0x00007ffcf2dc0000 - 0x00007ffcf2de7000 	C:\Users\Dell\.gradle\native\68d5fa5c4cc2d200863cafc0d521ce42e7d3e7ee720ec0a83991735586a16f82\windows-amd64\native-platform.dll
0x00007ffc888f0000 - 0x00007ffc88a34000 	C:\Users\Dell\.gradle\native\e376f236ea51e6404a007f0833ffe2c6e607c4080706a723a18a27aeea778392\windows-amd64\native-platform-file-events.dll
0x00007ffca23e0000 - 0x00007ffca23ea000 	C:\Program Files\Java\jdk-20\bin\management.dll
0x00007ffc8ccb0000 - 0x00007ffc8ccbb000 	C:\Program Files\Java\jdk-20\bin\management_ext.dll
0x00007ffd05c50000 - 0x00007ffd05c58000 	C:\Windows\System32\PSAPI.DLL
0x00007ffd03920000 - 0x00007ffd03938000 	C:\Windows\SYSTEM32\CRYPTSP.dll
0x00007ffd01ec0000 - 0x00007ffd01ef5000 	C:\Windows\system32\rsaenh.dll
0x00007ffd02e50000 - 0x00007ffd02e7c000 	C:\Windows\SYSTEM32\USERENV.dll
0x00007ffd035e0000 - 0x00007ffd03607000 	C:\Windows\SYSTEM32\bcrypt.dll
0x00007ffd02e80000 - 0x00007ffd02e8c000 	C:\Windows\SYSTEM32\CRYPTBASE.dll
0x00007ffd01a80000 - 0x00007ffd01aad000 	C:\Windows\SYSTEM32\IPHLPAPI.DLL
0x00007ffd05730000 - 0x00007ffd05739000 	C:\Windows\System32\NSI.dll
0x00007ffcfe260000 - 0x00007ffcfe279000 	C:\Windows\SYSTEM32\dhcpcsvc6.DLL
0x00007ffcfe540000 - 0x00007ffcfe55e000 	C:\Windows\SYSTEM32\dhcpcsvc.DLL
0x00007ffd01af0000 - 0x00007ffd01bd7000 	C:\Windows\SYSTEM32\DNSAPI.dll
0x00007ffc8cc90000 - 0x00007ffc8cc97000 	C:\Program Files\Java\jdk-20\bin\extnet.dll
0x00007ffc8cca0000 - 0x00007ffc8ccae000 	C:\Program Files\Java\jdk-20\bin\sunmscapi.dll
0x00007ffd04470000 - 0x00007ffd045d2000 	C:\Windows\System32\CRYPT32.dll
0x00007ffd02f40000 - 0x00007ffd02f68000 	C:\Windows\SYSTEM32\ncrypt.dll
0x00007ffd02f00000 - 0x00007ffd02f37000 	C:\Windows\SYSTEM32\NTASN1.dll
0x00007ffcdae40000 - 0x00007ffcdae48000 	C:\Windows\system32\wshunix.dll
0x00007ffce2800000 - 0x00007ffce2817000 	C:\Windows\system32\napinsp.dll
0x00007ffce27e0000 - 0x00007ffce27fb000 	C:\Windows\system32\pnrpnsp.dll
0x00007ffce27c0000 - 0x00007ffce27d2000 	C:\Windows\System32\winrnr.dll
0x00007ffce27a0000 - 0x00007ffce27b5000 	C:\Windows\system32\wshbth.dll
0x00007ffce2430000 - 0x00007ffce244f000 	C:\Windows\system32\nlansp_c.dll
0x00007ffcf3f20000 - 0x00007ffcf3f2a000 	C:\Windows\System32\rasadhlp.dll
0x00007ffcfb920000 - 0x00007ffcfb9a1000 	C:\Windows\System32\fwpuclnt.dll
0x00007ffd00270000 - 0x00007ffd00302000 	C:\Windows\system32\apphelp.dll
0x00007ffcf2d90000 - 0x00007ffcf2dae000 	C:\Users\Dell\AppData\Local\Temp\native-platform15369618542881307990dir\native-platform.dll
0x00007ffcf2d80000 - 0x00007ffcf2d87000 	C:\Program Files\Java\jdk-20\bin\rmi.dll
0x00007ffd035a0000 - 0x00007ffd035d4000 	C:\Windows\SYSTEM32\ntmarta.dll

dbghelp: loaded successfully - version: 4.0.5 - missing functions: none
symbol engine: initialized successfully - sym options: 0x614 - pdb path: .;C:\Program Files\Java\jdk-20\bin;C:\Windows\SYSTEM32;C:\Windows\WinSxS\amd64_microsoft.windows.common-controls_6595b64144ccf1df_6.0.22000.120_none_9d947278b86cc467;C:\Program Files\Java\jdk-20\bin\server;C:\Users\Dell\.gradle\native\68d5fa5c4cc2d200863cafc0d521ce42e7d3e7ee720ec0a83991735586a16f82\windows-amd64;C:\Users\Dell\.gradle\native\e376f236ea51e6404a007f0833ffe2c6e607c4080706a723a18a27aeea778392\windows-amd64;C:\Users\Dell\AppData\Local\Temp\native-platform15369618542881307990dir

VM Arguments:
jvm_args: -XX:MaxMetaspaceSize=512m --add-opens=java.base/java.util=ALL-UNNAMED --add-opens=java.base/java.lang=ALL-UNNAMED --add-opens=java.base/java.lang.invoke=ALL-UNNAMED --add-opens=java.prefs/java.util.prefs=ALL-UNNAMED --add-opens=java.base/java.nio.charset=ALL-UNNAMED --add-opens=java.base/java.net=ALL-UNNAMED --add-opens=java.base/java.util.concurrent.atomic=ALL-UNNAMED -Xmx2048m -Dfile.encoding=UTF-8 -Duser.country=IN -Duser.language=en -Duser.variant -javaagent:C:\Users\Dell\.gradle\wrapper\dists\gradle-8.3-all\6en3ugtfdg5xnpx44z4qbwgas\gradle-8.3\lib\agents\gradle-instrumentation-agent-8.3.jar 
java_command: org.gradle.launcher.daemon.bootstrap.GradleDaemon 8.3
java_class_path (initial): C:\Users\Dell\.gradle\wrapper\dists\gradle-8.3-all\6en3ugtfdg5xnpx44z4qbwgas\gradle-8.3\lib\gradle-launcher-8.3.jar
Launcher Type: SUN_STANDARD

[Global flags]
     intx CICompilerCount                          = 3                                         {product} {ergonomic}
   size_t CompressedClassSpaceSize                 = 432013312                                 {product} {ergonomic}
     uint ConcGCThreads                            = 1                                         {product} {ergonomic}
     uint G1ConcRefinementThreads                  = 4                                         {product} {ergonomic}
   size_t G1HeapRegionSize                         = 1048576                                   {product} {ergonomic}
    uintx GCDrainStackTargetSize                   = 64                                        {product} {ergonomic}
   size_t InitialHeapSize                          = 536870912                                 {product} {ergonomic}
   size_t MarkStackSize                            = 4194304                                   {product} {ergonomic}
   size_t MaxHeapSize                              = 2147483648                                {product} {command line}
   size_t MaxMetaspaceSize                         = 536870912                                 {product} {command line}
   size_t MaxNewSize                               = 1287651328                                {product} {ergonomic}
   size_t MinHeapDeltaBytes                        = 1048576                                   {product} {ergonomic}
   size_t MinHeapSize                              = 8388608                                   {product} {ergonomic}
    uintx NonNMethodCodeHeapSize                   = 5832780                                {pd product} {ergonomic}
    uintx NonProfiledCodeHeapSize                  = 122912730                              {pd product} {ergonomic}
    uintx ProfiledCodeHeapSize                     = 122912730                              {pd product} {ergonomic}
    uintx ReservedCodeCacheSize                    = 251658240                              {pd product} {ergonomic}
     bool SegmentedCodeCache                       = true                                      {product} {ergonomic}
   size_t SoftMaxHeapSize                          = 2147483648                             {manageable} {ergonomic}
     bool UseCompressedClassPointers               = true                           {product lp64_product} {ergonomic}
     bool UseCompressedOops                        = true                           {product lp64_product} {ergonomic}
     bool UseG1GC                                  = true                                      {product} {ergonomic}
     bool UseLargePagesIndividualAllocation        = false                                  {pd product} {ergonomic}

Logging:
Log output configuration:
 #0: stdout all=warning uptime,level,tags foldmultilines=false
 #1: stderr all=off uptime,level,tags foldmultilines=false

Environment Variables:
JAVA_HOME=C:\Program Files\Java\jdk-20
CLASSPATH=D:\Projects\Source Code\flawlessNew\android\\gradle\wrapper\gradle-wrapper.jar
PATH=D:\Projects\Source Code\flawlessNew\node_modules\.bin;D:\Projects\Source Code\flawlessNew\node_modules\.bin;D:\Projects\Source Code\node_modules\.bin;D:\Projects\node_modules\.bin;D:\node_modules\.bin;D:\Projects\Source Code\flawlessNew\node_modules\npm\node_modules\@npmcli\run-script\lib\node-gyp-bin;D:\Projects\Source Code\flawlessNew\node_modules\.bin;D:\Projects\Source Code\node_modules\.bin;D:\Projects\node_modules\.bin;D:\node_modules\.bin;C:\Program Files\nodejs\node_modules\npm\node_modules\@npmcli\run-script\lib\node-gyp-bin;C:\Program Files\Common Files\Oracle\Java\javapath;C:\Program Files (x86)\Common Files\Oracle\Java\java8path;C:\Program Files (x86)\Common Files\Oracle\Java\javapath;C:\Windows\system32;C:\Windows;C:\Windows\System32\Wbem;C:\Windows\System32\WindowsPowerShell\v1.0\;C:\Windows\System32\OpenSSH\;C:\Program Files\PuTTY\;C:\Program Files\Microsoft VS Code\bin;C:\Program Files\Microsoft SQL Server\150\Tools\Binn\;C:\Program Files\Microsoft SQL Server\Client SDK\ODBC\170\Tools\Binn\;C:\Program Files\dotnet\;C:\Program Files\nodejs\;C:\Program Files\Git\cmd;C:\Program Files\Java\jdk-20\bin;"C:\Program Files\Common Files\Oracle\Java\javapath;C:\Program Files (x86)\Common Files\Oracle\Java\java8path;C:\Program Files (x86)\Common Files\Oracle\Java\javapath;C:\Windows\system32;C:\Windows;C:\Windows\System32\Wbem;C:\Windows\System32\WindowsPowerShell\v1.0\;C:\Windows\System32\OpenSSH\;C:\Program Files\PuTTY\;C:\Program Files\Microsoft VS Code\bin;C:\Program Files\Microsoft SQL Server\150\Tools\Binn\;C:\Program Files\Microsoft SQL Server\Client SDK\ODBC\170\Tools\Binn\;C:\Program Files\dotnet\;C:\Program Files\nodejs\;C:\Program Files\Git\cmd;C:\Program Files\Java\jdk-20\bin;"C:\Program Files\Common Files\Oracle\Java\javapath;C:\Program Files (x86)\Common Files\Oracle\Java\java8path;C:\Program Files (x86)\Common Files\Oracle\Java\javapath;C:\Windows\system32;C:\Windows;C:\Windows\System32\Wbem;C:\Windows\System32\WindowsPowerShell\v1.0\;C:\Windows\System32\OpenSSH\;C:\Program Files\PuTTY\;C:\Program Files\Microsoft VS Code\bin;C:\Program Files\Microsoft SQL Server\150\Tools\Binn\;C:\Program Files\Microsoft SQL Server\Client SDK\ODBC\170\Tools\Binn\;C:\Program Files\dotnet\;C:\Program Files\nodejs\;C:\Program Files\Git\cmd;C:\Program Files\Java\jdk-20\bin;"C:\Windows\System32;C:\Users\Dell\AppData\Local\Android\Sdk\platform-tools";;C:\Users\Dell\AppData\Local\Android\Sdk\platform-tools";;C:\Users\Dell\AppData\Local\Android\Sdk\platform-tools";C:\Users\Dell\AppData\Local\Android\Sdk\platform-tools;C:\Users\Dell\AppData\Local\Android\Sdk\tools;C:\Program Files\MySQL\MySQL Shell 8.0\bin\;C:\Users\Dell\AppData\Local\Microsoft\WindowsApps;C:\Users\Dell\.dotnet\tools;C:\Users\Dell\AppData\Local\GitHubDesktop\bin;C:\Users\Dell\AppData\Roaming\npm
USERNAME=Dell
LANG=en_US.UTF-8
OS=Windows_NT
PROCESSOR_IDENTIFIER=Intel64 Family 6 Model 142 Stepping 9, GenuineIntel
TMP=C:\Users\Dell\AppData\Local\Temp
TEMP=C:\Users\Dell\AppData\Local\Temp




---------------  S Y S T E M  ---------------

OS:
 Windows 11 , 64 bit Build 22000 (10.0.22000.2538)
OS uptime: 0 days 0:03 hours

CPU: total 4 (initial active 4) (2 cores per cpu, 2 threads per core) family 6 model 142 stepping 9 microcode 0xf4, cx8, cmov, fxsr, ht, mmx, 3dnowpref, sse, sse2, sse3, ssse3, sse4.1, sse4.2, popcnt, lzcnt, tsc, tscinvbit, avx, avx2, aes, erms, clmul, bmi1, bmi2, rtm, adx, fma, vzeroupper, clflush, clflushopt, rdtscp, f16c

Memory: 4k page, system-wide physical 32648M (23518M free)
TotalPageFile size 37512M (AvailPageFile size 27051M)
current process WorkingSet (physical memory assigned to process): 892M, peak: 895M
current process commit charge ("private bytes"): 930M, peak: 933M

vm_info: Java HotSpot(TM) 64-Bit Server VM (20.0.2+9-78) for windows-amd64 JRE (20.0.2+9-78), built on 2023-06-14T10:08:48Z by "mach5one" with MS VC++ 17.1 (VS2022)

END.
